Media Source,Tweet,Created At,Tweets Ago,Compound,Positive,Neutral,Negative
@BBC,"üêª Say hello to Kyra the sun bear... 

https://t.co/UvDxsG3QO1",Sun Sep 30 09:04:02 +0000 2018,1,0.0,0.0,1.0,0.0
@BBC,RT @BBCWorld: Indonesia quake death toll 'at least 832' https://t.co/1VCcXxRrR4,Sun Sep 30 08:30:16 +0000 2018,2,-0.5994,0.0,0.698,0.302
@BBC,"For children with autism, the stress of taking photos can be overwhelming. To make things easier, eight-year-old Le‚Ä¶ https://t.co/U3hpweRK0D",Sun Sep 30 07:31:05 +0000 2018,3,0.0,0.124,0.752,0.124
@BBC,"This. Is. Amazing. üòÆ

Introducing the World Pole Climbing Championships...

https://t.co/osulkhFFhQ",Sun Sep 30 07:04:02 +0000 2018,4,0.5859,0.226,0.774,0.0
@BBC,Chile has launched a huge hiking route through its Patagonian wilderness. üå≤üòçüèî  https://t.co/WFIcKZe5Hv https://t.co/RLKjTx2Emo,Sat Sep 29 20:32:03 +0000 2018,5,0.4215,0.257,0.743,0.0
@BBC,üê£üòç Conservationists have been monitoring the progress of rare Leach's storm petrel chicks on the remote Scottish ar‚Ä¶ https://t.co/KzMHUIysAO,Sat Sep 29 17:02:12 +0000 2018,6,0.4215,0.135,0.865,0.0
@BBC,"'My children bought back the car I sold to pay for wife's cancer treatment'. ‚ù§Ô∏èÔ∏èüöò

https://t.co/xOJwzbgGlE https://t.co/Tx3WYCkCXu",Sat Sep 29 16:01:07 +0000 2018,7,-0.7003,0.0,0.707,0.293
@BBC,"RT @BBCEngland: Benny the beluga whale is spending his fifth day in the Thames but appears to be healthy and swimming normally, the Port of‚Ä¶",Sat Sep 29 15:54:38 +0000 2018,8,0.5499,0.129,0.871,0.0
@BBC,"Always start by playing paper! üëä‚úã‚úåÔ∏è

This is how to win at rock-paper-scissors... 

https://t.co/2VzUFq74FT",Sat Sep 29 15:02:04 +0000 2018,9,0.7088,0.329,0.671,0.0
@BBC,"'What do I know her from again?' ü§îüì∫

These are the TV actors who pop up in everything. https://t.co/XLQBs5bE5p https://t.co/DJWV8U3OhY",Sat Sep 29 14:03:07 +0000 2018,10,0.0,0.0,1.0,0.0
@BBC,"This is the world's most dangerous city to be a woman. 

https://t.co/v1qrWFF6B6",Sat Sep 29 13:01:07 +0000 2018,11,-0.5256,0.0,0.747,0.253
@BBC,"""New York City is underwhelming"". üò≥üò≥üò≥
 
#UnpopularOpinion was HARSH this week. üòÇ @gregjames

https://t.co/pSz5eP8YbR",Sat Sep 29 11:03:02 +0000 2018,12,-0.186,0.156,0.616,0.227
@BBC,"What's it like growing up with tourettes?

Brother and sister Jack and Rebecca describe how people react to their t‚Ä¶ https://t.co/VXY3jdCbEu",Sat Sep 29 10:03:05 +0000 2018,13,0.4939,0.181,0.819,0.0
@BBC,"This school became a national leader by focusing on a neglected subject... 

https://t.co/5c7iSPT3rc",Sat Sep 29 09:01:02 +0000 2018,14,-0.5267,0.0,0.746,0.254
@BBC,RT @BBCOne: .@LadyGaga &amp; Jodie Whittaker playing the #DoctorWho theme tune on the theremin is a joy to behold. #TheGNShow https://t.co/0aLu‚Ä¶,Sat Sep 29 08:11:46 +0000 2018,15,0.6808,0.237,0.763,0.0
@BBC,"""I've broken around 80 bones"". üò¨üè•

Meet the man who can't feel pain. üëâ https://t.co/6qsfeQmIct https://t.co/6jXkhYCTza",Sat Sep 29 08:05:03 +0000 2018,16,-0.1022,0.118,0.746,0.136
@BBC,"Say hello to baby Omo, a rare albino squirrel... üòçüêøÔ∏è

https://t.co/FVppFQSOJw",Sat Sep 29 07:03:06 +0000 2018,17,0.0,0.0,1.0,0.0
@BBC,"Over the last 50 years, the flesh-footed shearwater population has dropped by 30%.

Plastic is a major cause of the‚Ä¶ https://t.co/827iYwzryJ",Sat Sep 29 06:31:00 +0000 2018,18,0.0,0.0,1.0,0.0
@BBC,"The Graham Norton Show is back! Tonight Bradley Cooper, @ladygaga, Jodie Whittaker and @ryangosling join @grahnort‚Ä¶ https://t.co/prBbKLrkaO",Fri Sep 28 20:31:03 +0000 2018,19,0.3595,0.135,0.865,0.0
@BBC,"It's the Celebrity MasterChef final! After six gruelling weeks, just two tough challenges stand between the three r‚Ä¶ https://t.co/mLCixMGG8v",Fri Sep 28 18:32:03 +0000 2018,20,-0.126,0.065,0.846,0.089
@BBC,"üêª Say hello to Kyra the sun bear... 

https://t.co/UvDxsG3QO1",Sun Sep 30 09:04:02 +0000 2018,21,0.0,0.0,1.0,0.0
@BBC,RT @BBCWorld: Indonesia quake death toll 'at least 832' https://t.co/1VCcXxRrR4,Sun Sep 30 08:30:16 +0000 2018,22,-0.5994,0.0,0.698,0.302
@BBC,"For children with autism, the stress of taking photos can be overwhelming. To make things easier, eight-year-old Le‚Ä¶ https://t.co/U3hpweRK0D",Sun Sep 30 07:31:05 +0000 2018,23,0.0,0.124,0.752,0.124
@BBC,"This. Is. Amazing. üòÆ

Introducing the World Pole Climbing Championships...

https://t.co/osulkhFFhQ",Sun Sep 30 07:04:02 +0000 2018,24,0.5859,0.226,0.774,0.0
@BBC,Chile has launched a huge hiking route through its Patagonian wilderness. üå≤üòçüèî  https://t.co/WFIcKZe5Hv https://t.co/RLKjTx2Emo,Sat Sep 29 20:32:03 +0000 2018,25,0.4215,0.257,0.743,0.0
@BBC,üê£üòç Conservationists have been monitoring the progress of rare Leach's storm petrel chicks on the remote Scottish ar‚Ä¶ https://t.co/KzMHUIysAO,Sat Sep 29 17:02:12 +0000 2018,26,0.4215,0.135,0.865,0.0
@BBC,"'My children bought back the car I sold to pay for wife's cancer treatment'. ‚ù§Ô∏èÔ∏èüöò

https://t.co/xOJwzbgGlE https://t.co/Tx3WYCkCXu",Sat Sep 29 16:01:07 +0000 2018,27,-0.7003,0.0,0.707,0.293
@BBC,"RT @BBCEngland: Benny the beluga whale is spending his fifth day in the Thames but appears to be healthy and swimming normally, the Port of‚Ä¶",Sat Sep 29 15:54:38 +0000 2018,28,0.5499,0.129,0.871,0.0
@BBC,"Always start by playing paper! üëä‚úã‚úåÔ∏è

This is how to win at rock-paper-scissors... 

https://t.co/2VzUFq74FT",Sat Sep 29 15:02:04 +0000 2018,29,0.7088,0.329,0.671,0.0
@BBC,"'What do I know her from again?' ü§îüì∫

These are the TV actors who pop up in everything. https://t.co/XLQBs5bE5p https://t.co/DJWV8U3OhY",Sat Sep 29 14:03:07 +0000 2018,30,0.0,0.0,1.0,0.0
@BBC,"This is the world's most dangerous city to be a woman. 

https://t.co/v1qrWFF6B6",Sat Sep 29 13:01:07 +0000 2018,31,-0.5256,0.0,0.747,0.253
@BBC,"""New York City is underwhelming"". üò≥üò≥üò≥
 
#UnpopularOpinion was HARSH this week. üòÇ @gregjames

https://t.co/pSz5eP8YbR",Sat Sep 29 11:03:02 +0000 2018,32,-0.186,0.156,0.616,0.227
@BBC,"What's it like growing up with tourettes?

Brother and sister Jack and Rebecca describe how people react to their t‚Ä¶ https://t.co/VXY3jdCbEu",Sat Sep 29 10:03:05 +0000 2018,33,0.4939,0.181,0.819,0.0
@BBC,"This school became a national leader by focusing on a neglected subject... 

https://t.co/5c7iSPT3rc",Sat Sep 29 09:01:02 +0000 2018,34,-0.5267,0.0,0.746,0.254
@BBC,RT @BBCOne: .@LadyGaga &amp; Jodie Whittaker playing the #DoctorWho theme tune on the theremin is a joy to behold. #TheGNShow https://t.co/0aLu‚Ä¶,Sat Sep 29 08:11:46 +0000 2018,35,0.6808,0.237,0.763,0.0
@BBC,"""I've broken around 80 bones"". üò¨üè•

Meet the man who can't feel pain. üëâ https://t.co/6qsfeQmIct https://t.co/6jXkhYCTza",Sat Sep 29 08:05:03 +0000 2018,36,-0.1022,0.118,0.746,0.136
@BBC,"Say hello to baby Omo, a rare albino squirrel... üòçüêøÔ∏è

https://t.co/FVppFQSOJw",Sat Sep 29 07:03:06 +0000 2018,37,0.0,0.0,1.0,0.0
@BBC,"Over the last 50 years, the flesh-footed shearwater population has dropped by 30%.

Plastic is a major cause of the‚Ä¶ https://t.co/827iYwzryJ",Sat Sep 29 06:31:00 +0000 2018,38,0.0,0.0,1.0,0.0
@BBC,"The Graham Norton Show is back! Tonight Bradley Cooper, @ladygaga, Jodie Whittaker and @ryangosling join @grahnort‚Ä¶ https://t.co/prBbKLrkaO",Fri Sep 28 20:31:03 +0000 2018,39,0.3595,0.135,0.865,0.0
@BBC,"It's the Celebrity MasterChef final! After six gruelling weeks, just two tough challenges stand between the three r‚Ä¶ https://t.co/mLCixMGG8v",Fri Sep 28 18:32:03 +0000 2018,40,-0.126,0.065,0.846,0.089
@BBC,"Science has confirmed: cats are nice. üòª

https://t.co/nTtAUxYl6v https://t.co/kI8XYPICjA",Fri Sep 28 16:03:07 +0000 2018,41,0.7003,0.345,0.655,0.0
@BBC,"üòÆüêô You need to watch this seal slap a man with an octopus... 

https://t.co/Njn1fsWeXX",Fri Sep 28 15:01:02 +0000 2018,42,0.1531,0.118,0.882,0.0
@BBC,In pictures: Politician mothers take their babies to work. üë∂üì∑ https://t.co/wZ4NmFwkOn https://t.co/BTtyJu1WSX,Fri Sep 28 14:03:07 +0000 2018,43,0.0,0.0,1.0,0.0
@BBC,"Why do we love bees, but hate wasps? https://t.co/2CM65SLLyE",Fri Sep 28 12:33:00 +0000 2018,44,-0.5346,0.177,0.478,0.345
@BBC,"What kind of snack would you be? ü§î

Kids asking Tom Hardy difficult questions is the best thing you'll see today. üòÇ‚Ä¶ https://t.co/8iFXGQhKlz",Fri Sep 28 11:04:06 +0000 2018,45,0.6597,0.227,0.691,0.082
@BBC,"RT @BBCWomansHour: The üö®TOP 10üö® #WomenInMusic on the #WHPowerList have been revealed! üåü Featuring the most iconic performers, heads of labe‚Ä¶",Fri Sep 28 10:24:29 +0000 2018,46,0.0,0.0,1.0,0.0
@BBC,"‚ù§Ô∏è This story of a missing 49-year-old father is the most moving thing you'll watch today. 

https://t.co/8CYggzS9Hj",Fri Sep 28 10:02:06 +0000 2018,47,-0.296,0.0,0.879,0.121
@BBC,"RT @bbcmusic: How are you celebrating #BBCMusicDay today? 

Here's 9 Things to watch out for, including @George_Ezra reading a bedtime stor‚Ä¶",Fri Sep 28 09:40:18 +0000 2018,48,0.5719,0.171,0.829,0.0
@BBC,"How would you cope if you knew how you might die?

https://t.co/VbAFmeDCXQ",Fri Sep 28 09:04:01 +0000 2018,49,-0.5994,0.0,0.738,0.262
@BBC,"Eggs as conditioner? ü•öü§∑

Experts rate the beauty tips that our mums swore by. üëâ https://t.co/HGSuMbUNOj https://t.co/uoUg0LYfQp",Fri Sep 28 08:04:02 +0000 2018,50,0.5859,0.167,0.833,0.0
@BBC,"Are children getting too much homework in the UK? üìöüñç

Comedian @robdelaney says kids' workload is ""madness"".‚Ä¶ https://t.co/i16FsfwKNb",Fri Sep 28 07:32:06 +0000 2018,51,0.3818,0.133,0.867,0.0
@BBC,"Here's some useful advice on how you can help hedgehogs at this time of year. ü¶î

https://t.co/TKgF4H0ktl",Fri Sep 28 07:01:05 +0000 2018,52,0.6808,0.272,0.728,0.0
@BBC,"This is the quiz where you have to play the answer as well as say it. Famous faces battle it out, testing their ski‚Ä¶ https://t.co/WXXa78QNdD",Thu Sep 27 17:02:07 +0000 2018,53,0.2263,0.155,0.756,0.089
@BBC,Got a bag of frozen peas lurking at the back of the freezer? Here are 7 things you can do with them. üòãüç¥‚Ä¶ https://t.co/innpVg70hh,Thu Sep 27 16:03:09 +0000 2018,54,-0.128,0.0,0.933,0.067
@BBC,"John Cunliffe, creator of Postman Pat and Rosie and Jim, has died aged 85. https://t.co/OoHcAgZsu5 https://t.co/PEwPmaItNP",Thu Sep 27 15:31:07 +0000 2018,55,-0.5574,0.0,0.806,0.194
@BBC,"Flying squirrels are secretive creatures but if you're lucky, you might meet one. Or two. Or three. üòÆüêø

https://t.co/vx8aM2dHRt",Thu Sep 27 15:06:35 +0000 2018,56,0.5719,0.171,0.829,0.0
@BBC,"""It's very difficult not to tie your self-worth to the size of your audience"".

@hankgreen on the darker side of in‚Ä¶ https://t.co/EF0u3XM6Nj",Thu Sep 27 14:03:05 +0000 2018,57,-0.4201,0.0,0.883,0.117
@BBC,"If half of the UK switched to reusable water bottles, we'd save enough plastic to stretch to the moon and back in j‚Ä¶ https://t.co/HEtqsCQbly",Thu Sep 27 13:46:00 +0000 2018,58,0.4939,0.122,0.878,0.0
@BBC,RT @BBCNews: Postman Pat and Rosie and Jim author John Cunliffe dies https://t.co/VPI0iFKwaA,Thu Sep 27 13:10:27 +0000 2018,59,0.0,0.0,1.0,0.0
@BBC,"""Dear haters, you're going to hate this."" 

Oliver reacts to Scotland's 'Dear Transphobes' campaign.

https://t.co/uayhqEP7jP",Thu Sep 27 13:03:06 +0000 2018,60,-0.4019,0.225,0.476,0.299
@BBC,"What a moment! üòÆ üêô

A man has been filmed being slapped in the face with a large octopus thrown by a seal. üëâ‚Ä¶ https://t.co/QxUgZSSXnX",Thu Sep 27 12:32:06 +0000 2018,61,0.0,0.0,1.0,0.0
@BBC,"Millions of seahorses are caught every year, threatening their global survival. üíî

https://t.co/CUYoiiYtXa",Thu Sep 27 11:03:03 +0000 2018,62,-0.7579,0.0,0.649,0.351
@BBC,"RT @BBCTwo: BBC Two just got a brand new look.

Check out some of our new Idents in all their glory‚Ä¶

More info here: https://t.co/5WJBbgGY‚Ä¶",Thu Sep 27 10:44:32 +0000 2018,63,0.0,0.0,1.0,0.0
@BBC,"We feel for Deirdre trying to answer some of these... it's unlikely Agony Aunt letters! ‚úâÔ∏èüòÇ #MockTheWeek

https://t.co/iUev3YVy9v",Thu Sep 27 10:02:02 +0000 2018,64,-0.4753,0.0,0.846,0.154
@BBC,"Talk about an anticlimax!

When these rescue workers were called to save a drowning man, they got a HUGE surprise..‚Ä¶ https://t.co/PAVPpirEj0",Thu Sep 27 09:04:05 +0000 2018,65,0.8697,0.38,0.62,0.0
@BBC,"""It was probably the end of the night and I was definitely ready for my bed."" üòÇ

When a photo of you in a nightclub‚Ä¶ https://t.co/asnG7gQrC9",Thu Sep 27 08:04:04 +0000 2018,66,0.7964,0.265,0.678,0.056
@BBC,"Up, up and away! These enormous kites took to the sky at a festival in Germany. üå¨  https://t.co/HSIAQAQQE9 https://t.co/iIWX5ERx8I",Thu Sep 27 07:32:04 +0000 2018,67,0.5411,0.162,0.838,0.0
@BBC,"So cute! üòçüê£ Meet Germany's 'Papa Goose'... 

https://t.co/3NtLqZQcnm",Thu Sep 27 07:04:02 +0000 2018,68,0.5551,0.339,0.661,0.0
@BBC,The 14th Century house used as the birthplace of Harry Potter is still up for sale. ‚ö°Ô∏èüìñ  https://t.co/dcspAsDKrg https://t.co/NEOGYEkwBr,Wed Sep 26 20:03:06 +0000 2018,69,0.0,0.0,1.0,0.0
@BBC,"üì¨Do not post crisp packets to Walkers, says Royal Mail ‚û°Ô∏è

https://t.co/3JbgtRfiBQ https://t.co/VWRXGKC9nJ",Wed Sep 26 19:07:05 +0000 2018,70,0.0,0.0,1.0,0.0
@BBC,"Did the Duchess of Sussex break protocol when she closed her car door? 

https://t.co/o2n2k0msfU https://t.co/qYmnjcI0ZM",Wed Sep 26 16:02:05 +0000 2018,71,0.0,0.0,1.0,0.0
@BBC,"This puffer fish creates something absolutely breathtaking. üê°üò≤ #LifeStory 

https://t.co/mxU7VERaCI",Wed Sep 26 15:03:05 +0000 2018,72,0.659,0.403,0.597,0.0
@BBC,"RT @bbcweather: From today, night is longer than day. üåÉ/‚òÄ and the darkness is increasing at a rate of 4/5mins a day. Jo #Autumn https://t.c‚Ä¶",Wed Sep 26 14:04:00 +0000 2018,73,-0.25,0.0,0.917,0.083
@BBC,"Archaeologists have found a 400-year-old shipwreck off the coast of Portugal, in what one specialist called the ""di‚Ä¶ https://t.co/YP9fuo5Iz7",Wed Sep 26 14:03:03 +0000 2018,74,0.0,0.0,1.0,0.0
@BBC,"Another grand slam for @Andy_Murray üò¨

The tennis star took to Instagram to share the awkward moment he dropped a c‚Ä¶ https://t.co/fXEFv5P9Nz",Wed Sep 26 13:04:06 +0000 2018,75,-0.1027,0.181,0.59,0.229
@BBC,An orangutan named Rocky has become the first to mimic human speech. üôäüí¨  https://t.co/DIGdTHwpNq https://t.co/MeQwgxocmm,Wed Sep 26 12:32:03 +0000 2018,76,0.0,0.0,1.0,0.0
@BBC,"It‚Äôs National #FitnessDay! üèÄÔ∏è‚öΩÔ∏èüéæ

How much do you really know about exercise? 

Take this quiz to find out‚Ä¶‚Ä¶ https://t.co/8t1SMXLZp2",Wed Sep 26 12:30:08 +0000 2018,77,0.0,0.0,1.0,0.0
@BBC,"It's that time of year again... üôÑ

https://t.co/LxjiPTYUIG",Wed Sep 26 11:02:01 +0000 2018,78,0.0,0.0,1.0,0.0
@BBC,RT @BBCRadio4: üé∂ Prepare for adventure as @gemcairn takes @KojeyRadical on a musical journey to Accra... https://t.co/mvTfrBzlnB,Wed Sep 26 10:46:44 +0000 2018,79,0.3182,0.126,0.874,0.0
@BBC,"What. A. Voice. üòÆüëè

7-year-old Malea Emma was asked to sing the national anthem before an LA Galaxy game...

https://t.co/WHmbmTKkyU",Wed Sep 26 10:04:04 +0000 2018,80,0.0,0.0,1.0,0.0
@BBC,RT @BBCLater: Record-breaking UK solo artist @JessGlynne got our brand new series off to a storming start tonight... Watch the performance‚Ä¶,Wed Sep 26 09:53:51 +0000 2018,81,0.0,0.0,1.0,0.0
@BBC,"Discover the ancient volcanoes along Scotland‚Äôs west coast... üòÆüåã

https://t.co/kEPUuvtDN3",Wed Sep 26 09:04:04 +0000 2018,82,0.0,0.0,1.0,0.0
@BBC,How to help a friend who's struggling with mental health. https://t.co/X9PwihsgH9 https://t.co/0lUMrtmb1j,Wed Sep 26 08:04:03 +0000 2018,83,0.4767,0.353,0.479,0.168
@BBC,"Students can take a David Bowie course at Leeds University. ‚úçüéì 

üìªüëâ https://t.co/4jPPrnAK5S https://t.co/0ISuNTEZ5b",Wed Sep 26 07:31:04 +0000 2018,84,0.0,0.0,1.0,0.0
@BBC,"From Hawarden to Mount Snowdon, it's #MonkmanAndSeagull's Guide To Wales! üôå @e_monkman @bobby_seagull 

https://t.co/witW8qatbV",Wed Sep 26 07:02:07 +0000 2018,85,0.0,0.0,1.0,0.0
@BBC,"Tonight @JessGlynne, @idlesband, @softcellhq, @Ralph_McTell, @KingPrincess69 and @HakBaker join Jools on the first‚Ä¶ https://t.co/Lb6VCJ3eQI",Tue Sep 25 20:03:05 +0000 2018,86,0.296,0.145,0.855,0.0
@BBC,"Christopher Eccleston narrates a film which asks whether, a century later, the lessons learnt in 1918 might help us‚Ä¶ https://t.co/BiR6nIr1bz",Tue Sep 25 19:03:06 +0000 2018,87,0.4019,0.137,0.863,0.0
@BBC,"RT @BBCOne: **BREAKING** Meet your 2018 candidates, as introduced by @MattEdmondson on @bbciplayer &gt;&gt; https://t.co/oUaGVpPBuf

#TheApprenti‚Ä¶",Tue Sep 25 16:32:49 +0000 2018,88,0.0,0.0,1.0,0.0
@BBC,"Happy birthday to the one and only Will Smith! üéâüéà

https://t.co/CqmihTvPYW",Tue Sep 25 16:02:03 +0000 2018,89,0.6114,0.285,0.715,0.0
@BBC,".@BTS_twt have now gone where no K-pop group has gone before: The United Nations.

In a powerful speech, Kim Nam-jo‚Ä¶ https://t.co/bkZFU5VfFX",Tue Sep 25 15:02:02 +0000 2018,90,0.5267,0.226,0.685,0.089
@BBC,"üî§Scrabble players will now be able to use words such as ""OK"" and ""ew"" after a US dictionary company announced it wa‚Ä¶ https://t.co/kMHWzb8Gwi",Tue Sep 25 14:00:23 +0000 2018,91,0.0,0.0,1.0,0.0
@BBC,"In Sweden, you get paid double to be a parent.

(Via @BBCThree)

https://t.co/daXes3fiZX",Tue Sep 25 13:05:02 +0000 2018,92,0.0,0.0,1.0,0.0
@BBC,Indonesian teenager survives 49 days adrift at sea in 'fishing hut'. https://t.co/5rKpohNfRi https://t.co/qlRvoxZGe2,Tue Sep 25 12:32:05 +0000 2018,93,0.0,0.0,1.0,0.0
@BBC,"This is what happens when you teach African teenage girls to fly. ‚úàÔ∏è

https://t.co/1Kp4Ael1FO",Tue Sep 25 11:03:05 +0000 2018,94,0.0,0.0,1.0,0.0
@BBC,"RT @bbcpress: üëâ Meet the new #TheApprentice contestants. Who will be the first to hear the words ""you're fired""? Series starts 3 October on‚Ä¶",Tue Sep 25 10:39:01 +0000 2018,95,0.0,0.0,1.0,0.0
@BBC,"Who knew eating a pizza could be this filthy? üòÇüçï #QI

https://t.co/eeYWlRL9eV",Tue Sep 25 10:03:02 +0000 2018,96,0.0,0.0,1.0,0.0
@BBC,"‚ôªÔ∏è It's so different from place to place‚Ä¶ is there an easier way to sort this plastic recycling? 

https://t.co/75TG6dddQd",Tue Sep 25 08:53:02 +0000 2018,97,0.4215,0.128,0.872,0.0
@BBC,"Plastic is everywhere. Are you surprised?

#PlasticsWatch https://t.co/q1QXHYgYAR",Tue Sep 25 08:30:00 +0000 2018,98,0.2263,0.213,0.787,0.0
@BBC,"ü§îüé®Quiz: Can you guess which musicians painted these pictures?

https://t.co/CNo9uMGasj https://t.co/YrQeRins9E",Tue Sep 25 08:02:07 +0000 2018,99,0.0,0.0,1.0,0.0
@BBC,"üéìWhat's the best university name in the world to put on a job application?

https://t.co/2uEYRC075L https://t.co/tLmNn6W4Rt",Tue Sep 25 07:32:06 +0000 2018,100,0.6369,0.231,0.769,0.0
@CBS,"On @colbertlateshow, @TheNeighborhood's @CedEntertainer and Stephen recall the first time they met on a night when‚Ä¶ https://t.co/vjz1zVg4sR",Fri Sep 28 22:22:01 +0000 2018,1,0.0,0.0,1.0,0.0
@CBS,".@happytogether's @wayansjr, @HereIsGina &amp; @latelateshow discuss the pros and cons of living with a pop star. Con:‚Ä¶ https://t.co/PLXFxfheW7",Fri Sep 28 20:16:14 +0000 2018,2,0.0,0.0,1.0,0.0
@CBS,"If you haven't seen @SEALTeamCBS, make it your mission to know them before the #SEALTeam Season 2 premiere October‚Ä¶ https://t.co/NhCPI3lZSV",Fri Sep 28 17:52:41 +0000 2018,3,0.0,0.0,1.0,0.0
@CBS,"‚ö°Ô∏è ‚ÄúMurphy Brown Returns to CBS‚Äù

https://t.co/3vsAg7WcB1",Fri Sep 28 16:51:50 +0000 2018,4,0.0,0.0,1.0,0.0
@CBS,.@TheNeighborhood's @iamgreenfield revealing his Fiddler on the Roof goals on @latelateshow will be the earworm you‚Ä¶ https://t.co/swbh8HPwA1,Thu Sep 27 20:19:18 +0000 2018,5,0.0,0.0,1.0,0.0
@CBS,RT @MurphyBrownCBS: A moment 20 years in the making all comes down to this. #MurphyBrown returns to @CBS tonight! https://t.co/tWSMFM3YbG,Thu Sep 27 20:01:53 +0000 2018,6,0.0,0.0,1.0,0.0
@CBS,"Candice Bergen tells @colbertlateshow the presidential way tonight's @MurphyBrownCBS premiere imitates life, albeit‚Ä¶ https://t.co/4Kbk8gt6nS",Thu Sep 27 17:19:16 +0000 2018,7,0.0,0.0,1.0,0.0
@CBS,@marlagardner222 @jay_hernandez Good idea. The theme song is a dead giveaway. üòâ,Thu Sep 27 16:58:08 +0000 2018,8,-0.34,0.169,0.581,0.25
@CBS,@queenmama7777 @CBSAllAccess We believe in you! https://t.co/ZK0xaPRxVr,Thu Sep 27 00:44:13 +0000 2018,9,0.0,0.0,1.0,0.0
@CBS,@BSkyjackcity @jokersupdates @CBSAllAccess On it. https://t.co/yxKX9ry7fw,Thu Sep 27 00:42:15 +0000 2018,10,0.0,0.0,1.0,0.0
@CBS,Sixteen houseguests entered and now it's down to the Final 3. Don't miss a second of the 90-minute #BB20Finale toni‚Ä¶ https://t.co/KwDHR9Hfqu,Wed Sep 26 21:49:27 +0000 2018,11,0.1139,0.071,0.929,0.0
@CBS,"The tribe has spoken, and they do a pretty decent @JeffProbst impression just in time for the @survivorcbs Season P‚Ä¶ https://t.co/2Ps8VKblay",Wed Sep 26 19:57:54 +0000 2018,12,0.6249,0.221,0.779,0.0
@CBS,"‚ö°Ô∏è ‚ÄúFBI Premieres on CBS‚Äù

https://t.co/faL6iHZc5g",Wed Sep 26 17:25:43 +0000 2018,13,0.0,0.0,1.0,0.0
@CBS,"RT @CBSAllAccess: A night of crime dramas?! Oh yes. üôå Stream @NCIS_CBS, @FBICBS &amp; @NCISNewOrleans starting at 8/7c on CBS All Access: https‚Ä¶",Tue Sep 25 21:10:56 +0000 2018,14,-0.2714,0.098,0.764,0.138
@CBS,"Before @FBICBS premieres tonight, @mperegrym stopped by @CBSThisMorning to talk about her role as an FBI agent in t‚Ä¶ https://t.co/CPVki4Hv8y",Tue Sep 25 20:31:45 +0000 2018,15,-0.2263,0.0,0.909,0.091
@CBS,RT @CBSAllAccess: üö® @PatrickBrammall. Tim Meadows. @jessicaalba. @iamgreenfield. @AHWAmySedaris. @ChrisGethard. @JoeManganiello. AND SO MAN‚Ä¶,Tue Sep 25 19:54:26 +0000 2018,16,0.0,0.0,1.0,0.0
@CBS,RT @bigbangtheory: Happy #NationalComicBookDay from Sheldon and his many shirts! How are you sporting your favorite superhero today? #BigBa‚Ä¶,Tue Sep 25 19:45:33 +0000 2018,17,0.7901,0.291,0.709,0.0
@CBS,"‚ö°Ô∏è ‚ÄúMagnum P.I. Premieres on CBS‚Äù

https://t.co/UtbQlcDG8S",Tue Sep 25 18:34:26 +0000 2018,18,0.0,0.0,1.0,0.0
@CBS,".@jay_hernandez went on @latelateshow to talk about @MagnumPICBS, but he may have gotten @TiffanyHaddish as a surf‚Ä¶ https://t.co/a3acRu10aw",Tue Sep 25 18:05:31 +0000 2018,19,0.0,0.0,1.0,0.0
@CBS,"RT @60Minutes: 60 Minutes turns 50 today. Tick, tick, tick ... https://t.co/3CVKEs9J7F",Mon Sep 24 18:56:15 +0000 2018,20,0.0,0.0,1.0,0.0
@CBS,"On @colbertlateshow, @TheNeighborhood's @CedEntertainer and Stephen recall the first time they met on a night when‚Ä¶ https://t.co/vjz1zVg4sR",Fri Sep 28 22:22:01 +0000 2018,21,0.0,0.0,1.0,0.0
@CBS,".@happytogether's @wayansjr, @HereIsGina &amp; @latelateshow discuss the pros and cons of living with a pop star. Con:‚Ä¶ https://t.co/PLXFxfheW7",Fri Sep 28 20:16:14 +0000 2018,22,0.0,0.0,1.0,0.0
@CBS,"If you haven't seen @SEALTeamCBS, make it your mission to know them before the #SEALTeam Season 2 premiere October‚Ä¶ https://t.co/NhCPI3lZSV",Fri Sep 28 17:52:41 +0000 2018,23,0.0,0.0,1.0,0.0
@CBS,"‚ö°Ô∏è ‚ÄúMurphy Brown Returns to CBS‚Äù

https://t.co/3vsAg7WcB1",Fri Sep 28 16:51:50 +0000 2018,24,0.0,0.0,1.0,0.0
@CBS,.@TheNeighborhood's @iamgreenfield revealing his Fiddler on the Roof goals on @latelateshow will be the earworm you‚Ä¶ https://t.co/swbh8HPwA1,Thu Sep 27 20:19:18 +0000 2018,25,0.0,0.0,1.0,0.0
@CBS,RT @MurphyBrownCBS: A moment 20 years in the making all comes down to this. #MurphyBrown returns to @CBS tonight! https://t.co/tWSMFM3YbG,Thu Sep 27 20:01:53 +0000 2018,26,0.0,0.0,1.0,0.0
@CBS,"Candice Bergen tells @colbertlateshow the presidential way tonight's @MurphyBrownCBS premiere imitates life, albeit‚Ä¶ https://t.co/4Kbk8gt6nS",Thu Sep 27 17:19:16 +0000 2018,27,0.0,0.0,1.0,0.0
@CBS,@marlagardner222 @jay_hernandez Good idea. The theme song is a dead giveaway. üòâ,Thu Sep 27 16:58:08 +0000 2018,28,-0.34,0.169,0.581,0.25
@CBS,@queenmama7777 @CBSAllAccess We believe in you! https://t.co/ZK0xaPRxVr,Thu Sep 27 00:44:13 +0000 2018,29,0.0,0.0,1.0,0.0
@CBS,@BSkyjackcity @jokersupdates @CBSAllAccess On it. https://t.co/yxKX9ry7fw,Thu Sep 27 00:42:15 +0000 2018,30,0.0,0.0,1.0,0.0
@CBS,Sixteen houseguests entered and now it's down to the Final 3. Don't miss a second of the 90-minute #BB20Finale toni‚Ä¶ https://t.co/KwDHR9Hfqu,Wed Sep 26 21:49:27 +0000 2018,31,0.1139,0.071,0.929,0.0
@CBS,"The tribe has spoken, and they do a pretty decent @JeffProbst impression just in time for the @survivorcbs Season P‚Ä¶ https://t.co/2Ps8VKblay",Wed Sep 26 19:57:54 +0000 2018,32,0.6249,0.221,0.779,0.0
@CBS,"‚ö°Ô∏è ‚ÄúFBI Premieres on CBS‚Äù

https://t.co/faL6iHZc5g",Wed Sep 26 17:25:43 +0000 2018,33,0.0,0.0,1.0,0.0
@CBS,"RT @CBSAllAccess: A night of crime dramas?! Oh yes. üôå Stream @NCIS_CBS, @FBICBS &amp; @NCISNewOrleans starting at 8/7c on CBS All Access: https‚Ä¶",Tue Sep 25 21:10:56 +0000 2018,34,-0.2714,0.098,0.764,0.138
@CBS,"Before @FBICBS premieres tonight, @mperegrym stopped by @CBSThisMorning to talk about her role as an FBI agent in t‚Ä¶ https://t.co/CPVki4Hv8y",Tue Sep 25 20:31:45 +0000 2018,35,-0.2263,0.0,0.909,0.091
@CBS,RT @CBSAllAccess: üö® @PatrickBrammall. Tim Meadows. @jessicaalba. @iamgreenfield. @AHWAmySedaris. @ChrisGethard. @JoeManganiello. AND SO MAN‚Ä¶,Tue Sep 25 19:54:26 +0000 2018,36,0.0,0.0,1.0,0.0
@CBS,RT @bigbangtheory: Happy #NationalComicBookDay from Sheldon and his many shirts! How are you sporting your favorite superhero today? #BigBa‚Ä¶,Tue Sep 25 19:45:33 +0000 2018,37,0.7901,0.291,0.709,0.0
@CBS,"‚ö°Ô∏è ‚ÄúMagnum P.I. Premieres on CBS‚Äù

https://t.co/UtbQlcDG8S",Tue Sep 25 18:34:26 +0000 2018,38,0.0,0.0,1.0,0.0
@CBS,".@jay_hernandez went on @latelateshow to talk about @MagnumPICBS, but he may have gotten @TiffanyHaddish as a surf‚Ä¶ https://t.co/a3acRu10aw",Tue Sep 25 18:05:31 +0000 2018,39,0.0,0.0,1.0,0.0
@CBS,"RT @60Minutes: 60 Minutes turns 50 today. Tick, tick, tick ... https://t.co/3CVKEs9J7F",Mon Sep 24 18:56:15 +0000 2018,40,0.0,0.0,1.0,0.0
@CBS,"Due to #NFL football game overrun, #CBS Sunday lineup is delayed in ATL, Indy, NOLA, Kansas City, NYC, Philly, Prov‚Ä¶ https://t.co/fejqoxtvSY",Sun Sep 23 23:24:03 +0000 2018,41,-0.2263,0.0,0.913,0.087
@CBS,Kick off your Sunday with @NFL on CBS. Catch your local games live on CBS and @CBSAllAccess. üèàüì∫‚Ä¶ https://t.co/kbo7N27mY9,Sun Sep 23 14:00:00 +0000 2018,42,0.0,0.0,1.0,0.0
@CBS,"How does $100,000 sound? Because someone is going to win all that tonight on the @TKOCBS Battle Royale finale at 9p‚Ä¶ https://t.co/JEuUZ2QlQh",Fri Sep 21 19:18:00 +0000 2018,43,0.296,0.144,0.758,0.098
@CBS,@colbertlateshow @IainLoveTheatre @IainLoveTheatre made a compelling argument. We'll get back to you. üòâ,Fri Sep 21 17:46:26 +0000 2018,44,-0.1531,0.123,0.714,0.162
@CBS,"Now that @bigbangtheory is entering its last season, Kaley Cuoco admits to @latelateshow she's over the show's noto‚Ä¶ https://t.co/xvhlMWBhSX",Thu Sep 20 23:17:19 +0000 2018,45,0.296,0.109,0.891,0.0
@CBS,RT @HawaiiFive0CBS: It‚Äôs the big Five-0! üéâ üåä #H50 premiered on this day in 1968! Celebrate 50 years of Hawaii Five-0 with every season of b‚Ä¶,Thu Sep 20 21:38:21 +0000 2018,46,0.7896,0.212,0.788,0.0
@CBS,RT @JordanPeele: üì∫üåÄ https://t.co/CygbVi4JFC,Thu Sep 20 16:47:26 +0000 2018,47,0.0,0.0,1.0,0.0
@CBS,The @latelateshow and @JKCorden will never be good enough for @henrygolding's crazy rich mom.‚Ä¶ https://t.co/xVmH5Iyfvs,Wed Sep 19 19:07:37 +0000 2018,48,-0.0531,0.176,0.588,0.236
@CBS,RT @CBSThisMorning: Imagine receiving a digital friend request from someone claiming to be God. What would you do? The new @CBS drama @GodF‚Ä¶,Tue Sep 18 17:04:20 +0000 2018,49,0.6486,0.209,0.791,0.0
@CBS,"RT @PriceIsRight: We're thrilled to be back with all new, fun, and exciting shows!!  We hope to give you another award winning season! HERE‚Ä¶",Mon Sep 17 22:01:52 +0000 2018,50,0.9642,0.527,0.473,0.0
@CBS,RT @SalvationCBS: X marks the spot on the heart-stopping season finale of #SalvationCBS tonight at 9/8c on CBS &amp; CBS All Access: https://t.‚Ä¶,Mon Sep 17 21:41:20 +0000 2018,51,0.0,0.0,1.0,0.0
@CBS,Waiting for tonight's @Elementary_CBS season finale like https://t.co/Ou8342vGT9,Mon Sep 17 19:18:37 +0000 2018,52,0.3612,0.263,0.737,0.0
@CBS,"Due to an NFL overrun, the CBS Sunday lineup is delayed in the East/Central cities ONLY. New start times:‚Ä¶ https://t.co/IypoJ0l16P",Sun Sep 16 23:48:59 +0000 2018,53,-0.2263,0.0,0.909,0.091
@CBS,RT @CBSAllAccess: Sundays were made for NFL on CBS. üèàüíØ Stream NFL on CBS All Access live today: https://t.co/vsod8jGE7N https://t.co/co2528‚Ä¶,Sun Sep 16 14:33:46 +0000 2018,54,0.0,0.0,1.0,0.0
@CBS,"What happens when a PTA mom steals nearly $100,000 from her daughter's school? Don't miss the #PinkCollarCrimes sea‚Ä¶ https://t.co/Gjiy0pByaE",Sat Sep 15 16:00:01 +0000 2018,55,-0.4322,0.07,0.771,0.159
@CBS,"RT @CBSAllAccess: No internet, no problem. You can now download and play your favorite shows on CBS All Access! üôå Learn how: https://t.co/y‚Ä¶",Fri Sep 14 18:22:59 +0000 2018,56,-0.2481,0.17,0.598,0.233
@CBS,@PlaggemeyLee Mac's putting something together. üòâ https://t.co/6ww5HlV6Bx,Thu Sep 13 20:52:06 +0000 2018,57,0.0,0.0,1.0,0.0
@CBS,This just in... https://t.co/QG3OYF6Rfv,Thu Sep 13 20:28:06 +0000 2018,58,0.0,0.0,1.0,0.0
@CBS,RT @CBSAllAccess: Get excited! Stream original #MurphyBrown episodes for a limited time on CBS All Access before the @MurphyBrownCBS reviva‚Ä¶,Thu Sep 13 18:06:49 +0000 2018,59,0.4753,0.218,0.699,0.083
@CBS,"This just in! The 54th #ACMawards will air LIVE from Las Vegas on Sunday, April 7, 2019 at 8/7c on CBS and‚Ä¶ https://t.co/Q9e7qxe26l",Mon Sep 10 17:06:16 +0000 2018,60,0.0,0.0,1.0,0.0
@CBS,"Due to an NFL overrun, CBS is delayed 17 mins in the following markets: Kansas City, Miami, Tampa, NOLA, New York,‚Ä¶ https://t.co/9eXZ9mA1Xb",Sun Sep 09 23:36:09 +0000 2018,61,-0.2263,0.0,0.917,0.083
@CBS,Are you ready for some football? üèà Stream your favorite NFL games LIVE on #CBSAllAccess today:‚Ä¶ https://t.co/eHt8guHoyv,Sun Sep 09 14:00:00 +0000 2018,62,0.6705,0.256,0.744,0.0
@CBS,An unforgettable night of inspiring stories and performances highlighting the 10 years of impact #StandUpToCancer c‚Ä¶ https://t.co/8bp2XNKwfH,Sat Sep 08 16:20:43 +0000 2018,63,0.4215,0.149,0.851,0.0
@CBS,The star-studded event is about to begin! Tune in now to watch #StandUpToCancer on CBS and @cbsallaccess. https://t.co/cD8TJuQBog,Sat Sep 08 00:00:00 +0000 2018,64,0.0,0.0,1.0,0.0
@CBS,"RT @cbsallaccess: Join #TellMeAStory's @daniellemcam, @BillyMagnussen &amp; Dorian Missick by standing up to cancer! Watch @SU2C tonight at 8/7‚Ä¶",Fri Sep 07 23:15:09 +0000 2018,65,-0.5411,0.092,0.712,0.196
@CBS,Tune in to a first-of-its-kind digital live show as lead up to @SU2C‚Äôs televised event tonight! The show will featu‚Ä¶ https://t.co/hIVaLAXYmR,Fri Sep 07 21:50:51 +0000 2018,66,0.0,0.0,1.0,0.0
@CBS,Hollywood legend Burt Reynolds has passed away at the age of 82. He will be missed. https://t.co/HSmcJ9X9iC,Thu Sep 06 22:10:49 +0000 2018,67,-0.296,0.0,0.879,0.121
@CBS,Here are @FBICBS‚Äô @JeremySisto and @EboneeReigne with a powerful message before #StandUpToCancer airs tomorrow! https://t.co/OCqh91N1OO,Thu Sep 06 19:00:01 +0000 2018,68,0.4753,0.192,0.808,0.0
@CBS,Here's everything you need to know before tuning into #StandUpToCancer this Friday at 8/7c: https://t.co/IT9ht84TZ1 https://t.co/OK4AOxw5mP,Wed Sep 05 21:00:00 +0000 2018,69,0.0,0.0,1.0,0.0
@CBS,Survivor host @JeffProbst is here to break down the theme of #Survivor: David vs. Goliath before the new season beg‚Ä¶ https://t.co/8TcA200eFQ,Wed Sep 05 17:32:40 +0000 2018,70,0.3612,0.111,0.889,0.0
@CBS,"Thanks, @StephenAtHome. 
P.S. Nice beard. #LSSC https://t.co/wppVtfR9cL",Wed Sep 05 16:48:09 +0000 2018,71,0.6908,0.533,0.467,0.0
@CBS,The biggest names in entertainment are coming together once again for #StandUpToCancer this Friday at 8/7c on @CBS‚Ä¶ https://t.co/ntuGKLYvuW,Tue Sep 04 20:34:26 +0000 2018,72,0.4215,0.135,0.865,0.0
@CBS,RT @cbsallaccess: Stream #17 @WestVirginiaU vs. @UTKnoxville LIVE today at 3:30PM ET on CBS All Access! Try 1 month FREE using code BINGENO‚Ä¶,Sat Sep 01 15:25:34 +0000 2018,73,0.6514,0.171,0.829,0.0
@CBS,"In just one week, @RWitherspoon, @McConaughey, Jennifer Garner, and more will attend the #‚ÄãStandUpToCancer fundrais‚Ä¶ https://t.co/iHKGOoWejA",Fri Aug 31 21:26:49 +0000 2018,74,0.0,0.0,1.0,0.0
@CBS,"Believe in miracles. Watch this sneak peek of the complete premiere episode of @GodFriendedMe now, a month before i‚Ä¶ https://t.co/5AIUH5VmMk",Fri Aug 31 18:01:01 +0000 2018,75,0.0,0.0,1.0,0.0
@CBS,"RT @cbsallaccess: Money. Murder. Mystery. #OneDollar is now streaming, exclusively on CBS All Access. https://t.co/3qFdTEmVU5 https://t.co/‚Ä¶",Thu Aug 30 19:45:51 +0000 2018,76,-0.6908,0.0,0.761,0.239
@CBS,RT @GodFriendedMe: It's a godsend! We're dropping the #GodFriendedMe pilot tomorrow right here on Twitter for you to stream a full month be‚Ä¶,Thu Aug 30 15:32:47 +0000 2018,77,0.6239,0.17,0.83,0.0
@CBS,"It's almost time for sweater weather, pumpkin spice lattes, and CBS Fall TV premieres. Check out the storylines for‚Ä¶ https://t.co/BpgDyYl8fc",Mon Aug 27 23:36:57 +0000 2018,78,0.0,0.0,1.0,0.0
@CBS,RT @cbsallaccess: #NFL preseason coverage is here! üèà The Detroit @Lions battle the Tampa Bay @Buccaneers tonight at 8PM ET. Stream the game‚Ä¶,Fri Aug 24 20:30:16 +0000 2018,79,-0.4389,0.0,0.888,0.112
@CBS,"@bigbangtheory üé∂...happy kitty, sleepy kitty, purr purr purrüé∂ #TheBigBangTheory https://t.co/sEObppGJlZ",Wed Aug 22 20:55:25 +0000 2018,80,0.0,0.0,1.0,0.0
@CBS,"This is going to require multiple singings of ""Soft Kitty."" https://t.co/UdRGNeQ7Lb",Wed Aug 22 20:10:12 +0000 2018,81,0.0,0.0,1.0,0.0
@CBS,Got to get more of the @PaulMcCartney #CarpoolKaraoke into your life? @latelateshow produced an hour-long bonus spe‚Ä¶ https://t.co/DjPqajo6Xn,Mon Aug 20 21:59:56 +0000 2018,82,0.5423,0.171,0.829,0.0
@CBS,"How much does it cost to bury the truth? 
#OneDollar premieres August 30, exclusively on CBS All Access. https://t.co/ZL5TBH9ro5",Fri Aug 17 17:42:02 +0000 2018,83,0.3182,0.113,0.887,0.0
@CBS,Things got carried away when @ArianaGrande joined @latelateshow for #CarpoolKaraoke. So did Ariana. #ArianaCarpool https://t.co/WSZcC0TaYz,Thu Aug 16 18:40:09 +0000 2018,84,0.0,0.0,1.0,0.0
@CBS,RT @cbsallaccess: Murder mystery set in a small town? We're in. Rediscover the genius of original #TwinPeaks co-creators @DAVID_LYNCH and @‚Ä¶,Thu Aug 16 00:09:03 +0000 2018,85,-0.5267,0.092,0.72,0.188
@CBS,New start times for @60Minutes 7:20ET/6:20CT @CBSBigBrother 8:20ET/7:20CT @NCISLA 9:20ET/8:20CT @Elementary_CBS 10:‚Ä¶ https://t.co/Op9VcDsREa,Sun Aug 12 23:30:02 +0000 2018,86,0.0,0.0,1.0,0.0
@CBS,Clear your schedules for the 100th #PGAChamp! Stream the Final Round LIVE on @cbsallaccess at 2 PM ET across all de‚Ä¶ https://t.co/m6bH2pKTUN,Sun Aug 12 15:04:59 +0000 2018,87,0.4389,0.126,0.874,0.0
@CBS,The fortune teller you‚Äôll meet this Saturday lived a life of luxury... by scamming her victims out of hundreds of t‚Ä¶ https://t.co/fJo6F2Eo5p,Sat Aug 11 18:00:00 +0000 2018,88,-0.3182,0.0,0.897,0.103
@CBS,The 100th PGA Championship continues today! Stream it LIVE on @cbsallaccess at 2PM ET across all devices. Try 1 Wee‚Ä¶ https://t.co/jbMg06eOND,Sat Aug 11 15:00:02 +0000 2018,89,0.4926,0.144,0.856,0.0
@CBS,"To celebrate the 100th PGA Championship, relive some of the tournament's greatest moments with Luke Wilson. 

Don't‚Ä¶ https://t.co/wUuB93smr4",Fri Aug 10 22:28:55 +0000 2018,90,0.8957,0.419,0.581,0.0
@CBS,"RT @TrueCrimeCBS: When Glenn Walp and Steve Doran uncovered theft at the Los Alamos National Laboratory, they HAD to blow their whistles. W‚Ä¶",Fri Aug 10 19:59:14 +0000 2018,91,0.0,0.0,1.0,0.0
@CBS,Want to create your own @CBSBigBrother or @TKOCBS meme using one the photos here? It‚Äôs your lucky day! Head over to‚Ä¶ https://t.co/JHJWykNkQT,Thu Aug 09 21:00:00 +0000 2018,92,0.6696,0.255,0.745,0.0
@CBS,Time to celebrate! Your favorite Daytime shows will premiere with new seasons this fall. See all of the @CBSDaytime‚Ä¶ https://t.co/GNkK4Zf2kD,Thu Aug 09 18:47:00 +0000 2018,93,0.7901,0.28,0.72,0.0
@CBS,"Love is in the air, and the water! International smash hit #LoveIsland is coming to CBS. https://t.co/nepabuNoSU https://t.co/Cxgvkv463u",Wed Aug 08 16:05:11 +0000 2018,94,0.6696,0.209,0.791,0.0
@CBS,The Executive Producers of @CBSBigBrother are teaming up with @KingJames and @MavCarter for an unprecedented televi‚Ä¶ https://t.co/V88bDeHmQs,Tue Aug 07 16:06:57 +0000 2018,95,0.0,0.0,1.0,0.0
@CBS,"RT @cbsallaccess: Executive Producer of Tell Me A Story, @kevwilliamson, says ""What I like about the show, there‚Äôs nothing else on TV like‚Ä¶",Mon Aug 06 00:20:55 +0000 2018,96,0.3612,0.111,0.889,0.0
@CBS,RT @TheNeighborhood: Feel the love in this new teaser for #TheNeighborhood from the #CBS #TCA18! ü§ó https://t.co/rPmCozH5XP,Mon Aug 06 00:07:38 +0000 2018,97,0.7424,0.3,0.617,0.082
@CBS,RT @TheNeighborhood: Find out why Cedric the Entertainer and the cast think #TheNeighborhood is the kind of show that everyone can relate t‚Ä¶,Mon Aug 06 00:02:58 +0000 2018,98,0.3818,0.106,0.894,0.0
@CBS,That's all for our #CBS #TCA18 panels! Tune in this fall to watch all your favorite new shows. üôå https://t.co/hM85o9eRi8,Mon Aug 06 00:02:02 +0000 2018,99,0.5093,0.141,0.859,0.0
@CBS,"RT @MagnumPICBS: ""If there was ever a time to bring back #MagnumPI, it's now."" - @PLenkov 
#CBS #TCA2018",Sun Aug 05 23:58:41 +0000 2018,100,0.0,0.0,1.0,0.0
@CNN,"Called ""The Passion Diamond Shoes"", these gold and diamond-encrusted stilettos are believed to be the world's most‚Ä¶ https://t.co/EKPsH2ugpG",Sun Sep 30 09:31:00 +0000 2018,1,0.6597,0.252,0.748,0.0
@CNN,"'Distracted boyfriend' meme is sexist, says Swedish ad watchdog https://t.co/hAReDzarXw https://t.co/gz4wFeQYgr",Sun Sep 30 09:16:07 +0000 2018,2,-0.34,0.0,0.806,0.194
@CNN,"Limiting kids' recreational screen time to less than 2 hours a day, along with sufficient sleep and physical activi‚Ä¶ https://t.co/5Wz1wYoid3",Sun Sep 30 09:01:05 +0000 2018,3,0.0,0.0,1.0,0.0
@CNN,SiriusXM is buying Pandora in a $3.5 billion all-stock deal. The deal will create the world's largest audio enterta‚Ä¶ https://t.co/LRwNGnJu88,Sun Sep 30 08:31:00 +0000 2018,4,0.2732,0.104,0.896,0.0
@CNN,Stepping into this Seoul cafe feels like entering the black-and-white world of a cartoon https://t.co/t5qCzejhyj vi‚Ä¶ https://t.co/G7flwx8rEm,Sun Sep 30 08:01:04 +0000 2018,5,0.3612,0.143,0.857,0.0
@CNN,"The death toll from an earthquake and tsunami now exceeds 830 people,  Indonesian officials say.‚Ä¶ https://t.co/4qMtFf6m5O",Sun Sep 30 07:50:46 +0000 2018,6,-0.5994,0.0,0.794,0.206
@CNN,Watch a seal slap a kayaker in the face -- with an octopus: https://t.co/o5zJ8GhVv8 https://t.co/44ucQCMCKB,Sun Sep 30 07:31:00 +0000 2018,7,0.1531,0.118,0.882,0.0
@CNN,Cutting-edge research on an ancient mummy shows that Egyptians were embalming bodies in prehistoric times https://t.co/GIhkkA68XQ,Sun Sep 30 07:01:05 +0000 2018,8,0.0,0.0,1.0,0.0
@CNN,"This 7-year-old girl wowed a crowd with a stunning rendition of the ""Star-Spangled Banner"" https://t.co/MzQnkXqx53",Sun Sep 30 06:31:00 +0000 2018,9,0.7351,0.36,0.64,0.0
@CNN,"Scientists may have uncovered an entire new whale species that lived millions of years ago. 

Bones found at a land‚Ä¶ https://t.co/KaG3tJxcPs",Sun Sep 30 06:01:07 +0000 2018,10,0.0,0.0,1.0,0.0
@CNN,"Days ago, residents in a community north of St. Louis got some news that they've long wanted to hear. Radioactive m‚Ä¶ https://t.co/swmxWH3MSH",Sun Sep 30 05:46:05 +0000 2018,11,0.0,0.0,1.0,0.0
@CNN,Former presidential candidate Hillary Clinton made a surprise appearance in the first episode of the 'Murphy Brown'‚Ä¶ https://t.co/owLc7OvGKP,Sun Sep 30 05:31:00 +0000 2018,12,0.2732,0.116,0.884,0.0
@CNN,Tom Hanks is ready to be your neighbor -- as Mister Rogers in an upcoming and as-yet-untitled film about the childr‚Ä¶ https://t.co/N6rKE63Iik,Sun Sep 30 05:16:05 +0000 2018,13,0.3612,0.106,0.894,0.0
@CNN,300 glowing drones illuminate the night sky in this choreographed spectacle https://t.co/B2RhWXTnHV https://t.co/CjWifh0P0i,Sun Sep 30 05:01:00 +0000 2018,14,0.0,0.0,1.0,0.0
@CNN,This custodian has been spreading kindness at Bristol University for more than 11 years so students at the school l‚Ä¶ https://t.co/PPINKQs66p,Sun Sep 30 04:46:02 +0000 2018,15,0.4588,0.13,0.87,0.0
@CNN,Meet DJ Switch: A 10-year-old girl from Ghana who wants to be a gynecologist when she grows up. Erica Armah Bra-Bul‚Ä¶ https://t.co/xxBEDzxlD9,Sun Sep 30 04:31:00 +0000 2018,16,0.0,0.0,1.0,0.0
@CNN,"What has two heads, is extremely rare and doesn't have a long life expectancy?

This two-headed baby copperhead, wh‚Ä¶ https://t.co/UmdU9G7kOj",Sun Sep 30 04:16:00 +0000 2018,17,0.0,0.0,1.0,0.0
@CNN,"Ted Turner is battling Lewy body dementia, the CNN founder revealed in an interview that will air over the weekend‚Ä¶ https://t.co/mjUlSYrDlb",Sun Sep 30 04:01:04 +0000 2018,18,-0.2732,0.0,0.905,0.095
@CNN,"The oldest known animal in the geological record has been identified, in a discovery that scientists are calling ""t‚Ä¶ https://t.co/s8adwFD2pS",Sun Sep 30 03:30:23 +0000 2018,19,0.0,0.0,1.0,0.0
@CNN,Several Southern California high school students face disciplinary action after spelling out a racial slur with let‚Ä¶ https://t.co/2goay3zfXq,Sun Sep 30 03:00:06 +0000 2018,20,0.0,0.0,1.0,0.0
@CNN,"Called ""The Passion Diamond Shoes"", these gold and diamond-encrusted stilettos are believed to be the world's most‚Ä¶ https://t.co/EKPsH2ugpG",Sun Sep 30 09:31:00 +0000 2018,21,0.6597,0.252,0.748,0.0
@CNN,"'Distracted boyfriend' meme is sexist, says Swedish ad watchdog https://t.co/hAReDzarXw https://t.co/gz4wFeQYgr",Sun Sep 30 09:16:07 +0000 2018,22,-0.34,0.0,0.806,0.194
@CNN,"Limiting kids' recreational screen time to less than 2 hours a day, along with sufficient sleep and physical activi‚Ä¶ https://t.co/5Wz1wYoid3",Sun Sep 30 09:01:05 +0000 2018,23,0.0,0.0,1.0,0.0
@CNN,SiriusXM is buying Pandora in a $3.5 billion all-stock deal. The deal will create the world's largest audio enterta‚Ä¶ https://t.co/LRwNGnJu88,Sun Sep 30 08:31:00 +0000 2018,24,0.2732,0.104,0.896,0.0
@CNN,Stepping into this Seoul cafe feels like entering the black-and-white world of a cartoon https://t.co/t5qCzejhyj vi‚Ä¶ https://t.co/G7flwx8rEm,Sun Sep 30 08:01:04 +0000 2018,25,0.3612,0.143,0.857,0.0
@CNN,"The death toll from an earthquake and tsunami now exceeds 830 people,  Indonesian officials say.‚Ä¶ https://t.co/4qMtFf6m5O",Sun Sep 30 07:50:46 +0000 2018,26,-0.5994,0.0,0.794,0.206
@CNN,Watch a seal slap a kayaker in the face -- with an octopus: https://t.co/o5zJ8GhVv8 https://t.co/44ucQCMCKB,Sun Sep 30 07:31:00 +0000 2018,27,0.1531,0.118,0.882,0.0
@CNN,Cutting-edge research on an ancient mummy shows that Egyptians were embalming bodies in prehistoric times https://t.co/GIhkkA68XQ,Sun Sep 30 07:01:05 +0000 2018,28,0.0,0.0,1.0,0.0
@CNN,"This 7-year-old girl wowed a crowd with a stunning rendition of the ""Star-Spangled Banner"" https://t.co/MzQnkXqx53",Sun Sep 30 06:31:00 +0000 2018,29,0.7351,0.36,0.64,0.0
@CNN,"Scientists may have uncovered an entire new whale species that lived millions of years ago. 

Bones found at a land‚Ä¶ https://t.co/KaG3tJxcPs",Sun Sep 30 06:01:07 +0000 2018,30,0.0,0.0,1.0,0.0
@CNN,"Days ago, residents in a community north of St. Louis got some news that they've long wanted to hear. Radioactive m‚Ä¶ https://t.co/swmxWH3MSH",Sun Sep 30 05:46:05 +0000 2018,31,0.0,0.0,1.0,0.0
@CNN,Former presidential candidate Hillary Clinton made a surprise appearance in the first episode of the 'Murphy Brown'‚Ä¶ https://t.co/owLc7OvGKP,Sun Sep 30 05:31:00 +0000 2018,32,0.2732,0.116,0.884,0.0
@CNN,Tom Hanks is ready to be your neighbor -- as Mister Rogers in an upcoming and as-yet-untitled film about the childr‚Ä¶ https://t.co/N6rKE63Iik,Sun Sep 30 05:16:05 +0000 2018,33,0.3612,0.106,0.894,0.0
@CNN,300 glowing drones illuminate the night sky in this choreographed spectacle https://t.co/B2RhWXTnHV https://t.co/CjWifh0P0i,Sun Sep 30 05:01:00 +0000 2018,34,0.0,0.0,1.0,0.0
@CNN,This custodian has been spreading kindness at Bristol University for more than 11 years so students at the school l‚Ä¶ https://t.co/PPINKQs66p,Sun Sep 30 04:46:02 +0000 2018,35,0.4588,0.13,0.87,0.0
@CNN,Meet DJ Switch: A 10-year-old girl from Ghana who wants to be a gynecologist when she grows up. Erica Armah Bra-Bul‚Ä¶ https://t.co/xxBEDzxlD9,Sun Sep 30 04:31:00 +0000 2018,36,0.0,0.0,1.0,0.0
@CNN,"What has two heads, is extremely rare and doesn't have a long life expectancy?

This two-headed baby copperhead, wh‚Ä¶ https://t.co/UmdU9G7kOj",Sun Sep 30 04:16:00 +0000 2018,37,0.0,0.0,1.0,0.0
@CNN,"Ted Turner is battling Lewy body dementia, the CNN founder revealed in an interview that will air over the weekend‚Ä¶ https://t.co/mjUlSYrDlb",Sun Sep 30 04:01:04 +0000 2018,38,-0.2732,0.0,0.905,0.095
@CNN,"The oldest known animal in the geological record has been identified, in a discovery that scientists are calling ""t‚Ä¶ https://t.co/s8adwFD2pS",Sun Sep 30 03:30:23 +0000 2018,39,0.0,0.0,1.0,0.0
@CNN,Several Southern California high school students face disciplinary action after spelling out a racial slur with let‚Ä¶ https://t.co/2goay3zfXq,Sun Sep 30 03:00:06 +0000 2018,40,0.0,0.0,1.0,0.0
@CNN,A long-lost warship has been discovered off the coast of China after an extensive hunt to track down relics from fr‚Ä¶ https://t.co/JCoIJmFVGv,Sun Sep 30 02:32:25 +0000 2018,41,-0.1779,0.0,0.922,0.078
@CNN,"SiriusXM is buying Pandora in a $3.5 billion deal, which will create the world's largest audio entertainment compan‚Ä¶ https://t.co/mHXQZC5D4q",Sun Sep 30 02:00:13 +0000 2018,42,0.5994,0.234,0.766,0.0
@CNN,Only these 8 states require sex education classes to mention consent https://t.co/joJ5Fkhkan https://t.co/3VmFDbGc5L,Sun Sep 30 01:00:08 +0000 2018,43,0.2263,0.147,0.853,0.0
@CNN,Hillary Clinton made a surprise appearance in the first episode of the 'Murphy Brown' revival -- playing a woman in‚Ä¶ https://t.co/CaXmdL9s9b,Sun Sep 30 00:31:16 +0000 2018,44,0.4404,0.187,0.813,0.0
@CNN,The attack on Facebook that exposed nearly 50 million users' information is the largest hack ever for the company‚Ä¶ https://t.co/T2vOGRm0Ry,Sun Sep 30 00:00:11 +0000 2018,45,-0.5267,0.0,0.804,0.196
@CNN,North Carolina is among the 8 states that require sex education classes to mention consent. A map in an earlier twe‚Ä¶ https://t.co/GUCQpYwvBA,Sat Sep 29 23:11:11 +0000 2018,46,0.2263,0.091,0.909,0.0
@CNN,"A 13-year-old boy was attacked Saturday by a shark while diving for lobsters in waters off Encinitas, California, a‚Ä¶ https://t.co/jNMREHePwO",Sat Sep 29 23:00:09 +0000 2018,47,-0.4019,0.064,0.788,0.148
@CNN,"Alas, an asteroid shaped like a skull is NOT going to zip by Earth this Halloween https://t.co/Va32inAu8z https://t.co/fYHvcOm0Bt",Sat Sep 29 22:45:07 +0000 2018,48,0.1027,0.128,0.765,0.107
@CNN,"Nearly two years to the day after its inaugural march, thousands are expected to take to the streets again early ne‚Ä¶ https://t.co/dzj1GMnykd",Sat Sep 29 22:30:11 +0000 2018,49,0.0,0.0,1.0,0.0
@CNN,"JUST IN: Elon Musk agrees to pay $20 million and quit as Tesla chairman in deal with SEC
https://t.co/SIweOPR39g https://t.co/fluv7kgynH",Sat Sep 29 22:00:10 +0000 2018,50,0.1027,0.085,0.849,0.066
@CNN,"Meet the ""Hurricane Cowboy"" who's rescuing animals in Florence's aftermath https://t.co/RkgzcXnl3A https://t.co/KgBHD2Pnbk",Sat Sep 29 22:00:07 +0000 2018,51,0.0,0.0,1.0,0.0
@CNN,Alyssa Milano says that while it was difficult to be in the room when Brett Kavanaugh and Christine Blasey Ford tes‚Ä¶ https://t.co/dBXUbdEekE,Sat Sep 29 21:46:03 +0000 2018,52,-0.3612,0.0,0.894,0.106
@CNN,Jeff Flake's moment: How a reliable conservative cast Brett Kavanaugh's Supreme Court confirmation into doubt‚Ä¶ https://t.co/wAvxOyw2ul,Sat Sep 29 21:28:04 +0000 2018,53,0.5574,0.205,0.795,0.0
@CNN,Watch a rare gulper eel change its shape right before your eyes -- a unique method it uses to intimidate predators‚Ä¶ https://t.co/HgiqqNBfto,Sat Sep 29 21:14:21 +0000 2018,54,-0.2023,0.0,0.913,0.087
@CNN,"The FBI has reached out to Deborah Ramirez, who has accused Brett Kavanaugh of inappropriate sexual behavior when t‚Ä¶ https://t.co/WEbuyKazm7",Sat Sep 29 21:00:10 +0000 2018,55,-0.2023,0.065,0.833,0.102
@CNN,Why the world's leaders may regret laughing at Donald Trump | By Nic Robertson for @CNNOpinion‚Ä¶ https://t.co/OSqC3AWTmf,Sat Sep 29 20:31:05 +0000 2018,56,0.1027,0.16,0.7,0.14
@CNN,"""What is... yes?"" A ""Jeopardy!"" contestant surprised his girlfriend with a marriage proposal https://t.co/65FSnOOE7M https://t.co/O5nJzZCYM8",Sat Sep 29 20:00:31 +0000 2018,57,0.2942,0.154,0.846,0.0
@CNN,"Ciham Ali Ahmed was imprisoned at 15 years old. Now six years later, her family says they don't know where she is o‚Ä¶ https://t.co/07xI3uUH7M",Sat Sep 29 19:31:06 +0000 2018,58,-0.4588,0.0,0.885,0.115
@CNN,"It‚Äôs a devastating scene, and the reality of so many parents addicted to drugs. @lisaling gives us a heartbreaking‚Ä¶ https://t.co/sXEhUoMmu6",Sat Sep 29 19:00:30 +0000 2018,59,-0.6486,0.0,0.798,0.202
@CNN,Only these 8 states require sex education classes to mention consent https://t.co/iEMukcvLni https://t.co/tSeUG8ez0x,Sat Sep 29 18:31:05 +0000 2018,60,0.2263,0.147,0.853,0.0
@CNN,"Called ""The Passion Diamond Shoes"", these gold and diamond-encrusted stilettos are believed to be the world's most‚Ä¶ https://t.co/zjDnYO6jGI",Sat Sep 29 18:00:36 +0000 2018,61,0.6597,0.252,0.748,0.0
@CNN,"She learned to swim at age 50 and now has 271 medals. Oh, and she's blind. https://t.co/sSLpHYEdqC https://t.co/5iguBTXFez",Sat Sep 29 17:30:38 +0000 2018,62,-0.4019,0.0,0.863,0.137
@CNN,"Two police officers were killed in a shootout early Saturday in Brookhaven, Mississippi, a state official said. https://t.co/sWEwLdiMHf",Sat Sep 29 17:20:08 +0000 2018,63,-0.6705,0.0,0.769,0.231
@CNN,"A 33-year-old vet went to the VA for help. Hours later, he took his own life. https://t.co/Fv9cfLdrE9",Sat Sep 29 16:30:13 +0000 2018,64,0.4019,0.153,0.847,0.0
@CNN,At least 384 are dead and hundreds injured after a tsunami and earthquake in Indonesia https://t.co/6QMEFJopLb https://t.co/IYCYKfCIUU,Sat Sep 29 16:00:10 +0000 2018,65,-0.7906,0.0,0.667,0.333
@CNN,"Leland Ingham Keyser, a friend of Christine Blasey Ford, is not refuting Ford's allegation and will cooperate with‚Ä¶ https://t.co/TJafi07Kia",Sat Sep 29 15:46:07 +0000 2018,66,0.4939,0.158,0.842,0.0
@CNN,Typhoon Trami is unleashing heavy winds and rain on southern Japan as it slowly marches toward the nation's main is‚Ä¶ https://t.co/6mrQrfOpXW,Sat Sep 29 15:17:19 +0000 2018,67,0.0,0.0,1.0,0.0
@CNN,"A Mediterranean diet -- rich in vegetables, fruits, nuts and fish -- could help lower a person's risk of depression‚Ä¶ https://t.co/qsWWdCkbp1",Sat Sep 29 14:01:06 +0000 2018,68,0.1779,0.234,0.52,0.245
@CNN,Shockwaves from the massive bombing raids during World War II reached the edge of space and weakened the Earth's up‚Ä¶ https://t.co/8KgMQNawGx,Sat Sep 29 13:46:06 +0000 2018,69,-0.7003,0.055,0.703,0.242
@CNN,Former presidential candidate Hillary Clinton made a surprise appearance in the first episode of the 'Murphy Brown'‚Ä¶ https://t.co/4LW4920YfF,Sat Sep 29 13:31:00 +0000 2018,70,0.2732,0.116,0.884,0.0
@CNN,"Is Emmanuel Macron the new Tony Blair -- lauded abroad, mocked at home? | Analysis by CNN's Melissa Bell‚Ä¶ https://t.co/Qss2RgsvMs",Sat Sep 29 13:16:03 +0000 2018,71,-0.3182,0.0,0.887,0.113
@CNN,"A dog lost part of her skull to cancer, so researchers 3D-printed a plate to replace it https://t.co/SxpvzKORbT https://t.co/UESQOryY0Y",Sat Sep 29 13:01:12 +0000 2018,72,-0.7717,0.0,0.691,0.309
@CNN,"""Millions of Americans could follow live something that looked like a search for truth, but only on the surface. ..‚Ä¶ https://t.co/nAkVIZdR96",Sat Sep 29 12:46:06 +0000 2018,73,0.34,0.159,0.841,0.0
@CNN,A long-lost warship has been discovered off the coast of China after an extensive hunt to track down relics from fr‚Ä¶ https://t.co/NLz9VFBdx5,Sat Sep 29 12:31:00 +0000 2018,74,-0.1779,0.0,0.922,0.078
@CNN,One of the women who confronted Sen. Jeff Flake in a Capitol elevator Friday said she hopes other Republican senato‚Ä¶ https://t.co/GL6sJnfjpG,Sat Sep 29 12:16:05 +0000 2018,75,0.25,0.124,0.796,0.08
@CNN,"Instagram-friendly food. Yes, please. #NoFilter. Travel to Asturias, Spain on an all-new #PartsUnknown, Sunday at 9‚Ä¶ https://t.co/4uAoNu4idr",Sat Sep 29 12:00:24 +0000 2018,76,0.6124,0.25,0.75,0.0
@CNN,Jeff Flake's moment: How a reliable conservative cast Brett Kavanaugh's Supreme Court confirmation into doubt‚Ä¶ https://t.co/DIRC09z8tk,Sat Sep 29 11:46:03 +0000 2018,77,0.5574,0.205,0.795,0.0
@CNN,Meet DJ Switch: A 10-year-old girl from Ghana who wants to be a gynecologist when she grows up. Erica Armah Bra-Bul‚Ä¶ https://t.co/PyxMF661f6,Sat Sep 29 11:31:00 +0000 2018,78,0.0,0.0,1.0,0.0
@CNN,An American flag shown on a livestream as it was shredded by the fury of Hurricane Florence is being auctioned to h‚Ä¶ https://t.co/8WsJqWsBnN,Sat Sep 29 11:16:02 +0000 2018,79,-0.5719,0.0,0.85,0.15
@CNN,Cutting-edge research on an ancient mummy shows that Egyptians were embalming bodies in prehistoric times https://t.co/GwmUQHSQW0,Sat Sep 29 11:01:05 +0000 2018,80,0.0,0.0,1.0,0.0
@CNN,This Ohio town celebrated Christmas a few months early this year for a 2-year-old with brain cancer‚Ä¶ https://t.co/FIO0Ia2eWO,Sat Sep 29 11:01:00 +0000 2018,81,0.5719,0.198,0.802,0.0
@CNN,"An estimated 80,000 Americans died of flu and its complications last winter, the CDC says, making it the deadliest‚Ä¶ https://t.co/S9vUosYzPB",Sat Sep 29 10:46:02 +0000 2018,82,-0.7351,0.0,0.744,0.256
@CNN,SiriusXM is buying Pandora in a $3.5 billion all-stock deal. The deal will create the world's largest audio enterta‚Ä¶ https://t.co/pBImRwJDun,Sat Sep 29 10:31:00 +0000 2018,83,0.2732,0.104,0.896,0.0
@CNN,4-year-old Florence didn't like sharing her name with a bad hurricane. So she did something about it.‚Ä¶ https://t.co/xyubP5kQJJ,Sat Sep 29 10:16:23 +0000 2018,84,-0.7871,0.0,0.638,0.362
@CNN,"A newly discovered dinosaur species that's believed to have weighed 26,000 pounds was the largest land animal of it‚Ä¶ https://t.co/9ECuIOr32E",Sat Sep 29 10:01:03 +0000 2018,85,0.0,0.0,1.0,0.0
@CNN,A health crisis turned this Trump voter into a Democrat supporter https://t.co/6fbxhN0Gq3 https://t.co/Pa6ykEVDGy,Sat Sep 29 09:46:06 +0000 2018,86,-0.4588,0.138,0.592,0.27
@CNN,"This 7-year-old girl wowed a crowd with a stunning rendition of the ""Star-Spangled Banner"" https://t.co/pSUda8DlDK",Sat Sep 29 09:31:00 +0000 2018,87,0.7351,0.36,0.64,0.0
@CNN,"Researchers used a gene editing tool to wipe out a population of malaria-carrying mosquitoes in a lab, raising the‚Ä¶ https://t.co/8CBwo1R2MV",Sat Sep 29 09:16:04 +0000 2018,88,0.0,0.0,1.0,0.0
@CNN,Here's what Jeff Flake just did -- and what it means for Brett Kavanaugh | Analysis by @CillizzaCNN‚Ä¶ https://t.co/JCySrc71ZI,Sat Sep 29 09:01:04 +0000 2018,89,0.0,0.0,1.0,0.0
@CNN,Tom Hanks is ready to be your neighbor -- as Mister Rogers in an upcoming and as-yet-untitled film about the childr‚Ä¶ https://t.co/7eSkMCA6HC,Sat Sep 29 08:46:05 +0000 2018,90,0.3612,0.106,0.894,0.0
@CNN,Rescuers scrambled to find survivors after a powerful earthquake hit the Indonesian island of Sulawesi and triggere‚Ä¶ https://t.co/7RA9NcPQgT,Sat Sep 29 08:32:00 +0000 2018,91,0.4215,0.149,0.851,0.0
@CNN,Watch a rare gulper eel change its shape right before your eyes -- a unique method it uses to intimidate predators‚Ä¶ https://t.co/nzC3Cnofq9,Sat Sep 29 08:31:00 +0000 2018,92,-0.2023,0.0,0.913,0.087
@CNN,The first case of rat hepatitis E has been discovered in a human https://t.co/lvjXReLtiT https://t.co/lX83xliAkt,Sat Sep 29 08:16:02 +0000 2018,93,0.0,0.0,1.0,0.0
@CNN,"He was the only one in his family to survive the Holocaust, and he's pushing Oregon state legislators to mandate th‚Ä¶ https://t.co/WzvGKIqO9Q",Sat Sep 29 08:01:06 +0000 2018,94,0.0,0.0,1.0,0.0
@CNN,"With six months to go before Britain formally leaves the European Union, Brexit has never looked more baffling | An‚Ä¶ https://t.co/LyMCpo7ZsR",Sat Sep 29 07:46:06 +0000 2018,95,0.0,0.0,1.0,0.0
@CNN,"She learned to swim at age 50 and now has 271 medals. Oh, and she's blind. https://t.co/6aE9ZfLp25 https://t.co/enpatLCJkN",Sat Sep 29 07:31:00 +0000 2018,96,-0.4019,0.0,0.863,0.137
@CNN,"China challenges Trump, saying the country will not be ""blackmailed or yield to pressure"" on trade‚Ä¶ https://t.co/gioWFMYrzQ",Sat Sep 29 07:16:06 +0000 2018,97,-0.2263,0.07,0.811,0.119
@CNN,Residents in a community north of St. Louis got some news this week they've long wanted to hear. Radioactive materi‚Ä¶ https://t.co/iKftNAfkCR,Sat Sep 29 07:06:02 +0000 2018,98,0.0,0.0,1.0,0.0
@CNN,"Scientists may have uncovered an entire new whale species that lived millions of years ago. 

Bones found at a land‚Ä¶ https://t.co/CPEci8kHtP",Sat Sep 29 07:01:07 +0000 2018,99,0.0,0.0,1.0,0.0
@CNN,Alexandria Ocasio-Cortez and Bernie Sanders are two of the biggest names in Democratic politics. Watch The Point wi‚Ä¶ https://t.co/LU0hTZLkS6,Sat Sep 29 06:46:02 +0000 2018,100,0.0,0.0,1.0,0.0
@Fox,"RT @fox: üö® @calibreapp is hiring (remote). @benschwarz is one of the most passionate people, deeply caring about building a sustainable, in‚Ä¶",Thu Sep 27 22:42:30 +0000 2018,1,0.8012,0.255,0.745,0.0
@Fox,"If you‚Äôre interested in building a more welcoming Web, web performance, user experience, contributing in many areas‚Ä¶ https://t.co/DEjPCYO61S",Wed Sep 26 00:47:03 +0000 2018,2,0.7089,0.282,0.718,0.0
@Fox,"üö® @calibreapp is hiring (remote). @benschwarz is one of the most passionate people, deeply caring about building a‚Ä¶ https://t.co/TvvTzTKtJz",Wed Sep 26 00:44:28 +0000 2018,3,0.8012,0.274,0.726,0.0
@Fox,"RT @lehudgins: ""I don't believe in equal opportunity offense because there isn't equal opportunity."" -@harikondabolu

#xoxofest2018",Mon Sep 10 15:57:26 +0000 2018,4,0.2023,0.149,0.745,0.106
@Fox,RT @GermanCityGirl: ‚ÄúThere‚Äôs no goddamned thought police or so many white men would be arrested by now.‚Äù - @harikondabolu #XOXOFest #xoxo,Mon Sep 10 15:57:15 +0000 2018,5,-0.7964,0.0,0.677,0.323
@Fox,RT @jina: I'm tired of people saying that CSS is a useless skill to have. I built up my whole career around it and I'm proud of the work I'‚Ä¶,Sun Sep 09 23:03:46 +0000 2018,6,-0.3818,0.092,0.74,0.169
@Fox,RT @femfreq: Great advice from @ContraPoints üòÇüòâ #XOXOFest #xoxo https://t.co/JxCOcxLNQ7,Sat Sep 08 23:41:17 +0000 2018,7,0.6249,0.313,0.687,0.0
@Fox,"After so many years, I‚Äôm finally here, ready to undeniably be blown away. üíô @andymcmillan and @waxpancake for bring‚Ä¶ https://t.co/j0vihTKMTN",Fri Sep 07 02:23:15 +0000 2018,8,0.3612,0.111,0.889,0.0
@Fox,@jennschiffer hi Jenn look right,Fri Sep 07 01:57:50 +0000 2018,9,0.0,0.0,1.0,0.0
@Fox,"@ohhoe @alicegoldfuss pok pok, bollywood theather, woodsman tavern, harlow, good coffee, coava coffee, stumptown, s‚Ä¶ https://t.co/aHWKgPpSTR",Wed Sep 05 21:35:33 +0000 2018,10,0.4404,0.162,0.838,0.0
@Fox,@paulozoom the only suitable plan seems to be ice cream?,Wed Sep 05 21:32:37 +0000 2018,11,0.0,0.0,1.0,0.0
@Fox,@alicegoldfuss @ohhoe here to provide recommendations if anyone needs some! especially in SE ‚úåüèª,Wed Sep 05 21:29:31 +0000 2018,12,0.5411,0.17,0.83,0.0
@Fox,@paulozoom I see you creepin‚Äô in the SE üëãüèª,Wed Sep 05 21:28:35 +0000 2018,13,0.4939,0.225,0.775,0.0
@Fox,@mrmrs_ I got u https://t.co/rWaFh4GOaW,Wed Sep 05 15:42:48 +0000 2018,14,0.0,0.0,1.0,0.0
@Fox,@amelielamont üôãüèª,Tue Sep 04 17:44:58 +0000 2018,15,0.4939,0.348,0.652,0.0
@Fox,"@justkelly_ok omg, see you there!",Mon Sep 03 23:11:00 +0000 2018,16,0.0,0.0,1.0,0.0
@Fox,"I can‚Äôt even begin to grasp how many amazing people are going to be at @xoxo later this week. So excited!

Say hi, don‚Äôt be a stranger! üëãüèªüíñ",Mon Sep 03 22:37:42 +0000 2018,17,0.8176,0.238,0.762,0.0
@Fox,"RT @css: A new Chrome feature dubbed ""Blink LazyLoad"" is designed to dramatically improve performance by deferring the load of below-the-fo‚Ä¶",Thu Aug 30 00:10:58 +0000 2018,18,0.296,0.128,0.796,0.075
@Fox,"I‚Äôm so happy I work at a company that deeply cares about, tracks, stays humble and makes no excuses for pitfalls in‚Ä¶ https://t.co/IgZJlMkP07",Fri Aug 24 00:29:24 +0000 2018,19,0.7258,0.265,0.655,0.08
@Fox,"RT @fox: üëãüèªI‚Äôm selling a bit of Apple gear in excellent condition, Melbourne only. Retweets welcome. Reply or email if you‚Äôre interested.‚Ä¶",Wed Aug 22 03:39:28 +0000 2018,20,0.7717,0.261,0.739,0.0
@Fox,"RT @fox: üö® @calibreapp is hiring (remote). @benschwarz is one of the most passionate people, deeply caring about building a sustainable, in‚Ä¶",Thu Sep 27 22:42:30 +0000 2018,21,0.8012,0.255,0.745,0.0
@Fox,"If you‚Äôre interested in building a more welcoming Web, web performance, user experience, contributing in many areas‚Ä¶ https://t.co/DEjPCYO61S",Wed Sep 26 00:47:03 +0000 2018,22,0.7089,0.282,0.718,0.0
@Fox,"üö® @calibreapp is hiring (remote). @benschwarz is one of the most passionate people, deeply caring about building a‚Ä¶ https://t.co/TvvTzTKtJz",Wed Sep 26 00:44:28 +0000 2018,23,0.8012,0.274,0.726,0.0
@Fox,"RT @lehudgins: ""I don't believe in equal opportunity offense because there isn't equal opportunity."" -@harikondabolu

#xoxofest2018",Mon Sep 10 15:57:26 +0000 2018,24,0.2023,0.149,0.745,0.106
@Fox,RT @GermanCityGirl: ‚ÄúThere‚Äôs no goddamned thought police or so many white men would be arrested by now.‚Äù - @harikondabolu #XOXOFest #xoxo,Mon Sep 10 15:57:15 +0000 2018,25,-0.7964,0.0,0.677,0.323
@Fox,RT @jina: I'm tired of people saying that CSS is a useless skill to have. I built up my whole career around it and I'm proud of the work I'‚Ä¶,Sun Sep 09 23:03:46 +0000 2018,26,-0.3818,0.092,0.74,0.169
@Fox,RT @femfreq: Great advice from @ContraPoints üòÇüòâ #XOXOFest #xoxo https://t.co/JxCOcxLNQ7,Sat Sep 08 23:41:17 +0000 2018,27,0.6249,0.313,0.687,0.0
@Fox,"After so many years, I‚Äôm finally here, ready to undeniably be blown away. üíô @andymcmillan and @waxpancake for bring‚Ä¶ https://t.co/j0vihTKMTN",Fri Sep 07 02:23:15 +0000 2018,28,0.3612,0.111,0.889,0.0
@Fox,@jennschiffer hi Jenn look right,Fri Sep 07 01:57:50 +0000 2018,29,0.0,0.0,1.0,0.0
@Fox,"@ohhoe @alicegoldfuss pok pok, bollywood theather, woodsman tavern, harlow, good coffee, coava coffee, stumptown, s‚Ä¶ https://t.co/aHWKgPpSTR",Wed Sep 05 21:35:33 +0000 2018,30,0.4404,0.162,0.838,0.0
@Fox,@paulozoom the only suitable plan seems to be ice cream?,Wed Sep 05 21:32:37 +0000 2018,31,0.0,0.0,1.0,0.0
@Fox,@alicegoldfuss @ohhoe here to provide recommendations if anyone needs some! especially in SE ‚úåüèª,Wed Sep 05 21:29:31 +0000 2018,32,0.5411,0.17,0.83,0.0
@Fox,@paulozoom I see you creepin‚Äô in the SE üëãüèª,Wed Sep 05 21:28:35 +0000 2018,33,0.4939,0.225,0.775,0.0
@Fox,@mrmrs_ I got u https://t.co/rWaFh4GOaW,Wed Sep 05 15:42:48 +0000 2018,34,0.0,0.0,1.0,0.0
@Fox,@amelielamont üôãüèª,Tue Sep 04 17:44:58 +0000 2018,35,0.4939,0.348,0.652,0.0
@Fox,"@justkelly_ok omg, see you there!",Mon Sep 03 23:11:00 +0000 2018,36,0.0,0.0,1.0,0.0
@Fox,"I can‚Äôt even begin to grasp how many amazing people are going to be at @xoxo later this week. So excited!

Say hi, don‚Äôt be a stranger! üëãüèªüíñ",Mon Sep 03 22:37:42 +0000 2018,37,0.8176,0.238,0.762,0.0
@Fox,"RT @css: A new Chrome feature dubbed ""Blink LazyLoad"" is designed to dramatically improve performance by deferring the load of below-the-fo‚Ä¶",Thu Aug 30 00:10:58 +0000 2018,38,0.296,0.128,0.796,0.075
@Fox,"I‚Äôm so happy I work at a company that deeply cares about, tracks, stays humble and makes no excuses for pitfalls in‚Ä¶ https://t.co/IgZJlMkP07",Fri Aug 24 00:29:24 +0000 2018,39,0.7258,0.265,0.655,0.08
@Fox,"RT @fox: üëãüèªI‚Äôm selling a bit of Apple gear in excellent condition, Melbourne only. Retweets welcome. Reply or email if you‚Äôre interested.‚Ä¶",Wed Aug 22 03:39:28 +0000 2018,40,0.7717,0.261,0.739,0.0
@Fox,"A friendly reminder that Guetzli, Google‚Äôs open source JPEG encoder, might be slower but can yield even up to 50% a‚Ä¶ https://t.co/FN26irQYi8",Tue Aug 21 23:51:22 +0000 2018,41,0.2732,0.095,0.905,0.0
@Fox,"Lazy loading content can be a very powerful performance strategy. Unfortunately, often it‚Äôs complicated to implemen‚Ä¶ https://t.co/ZHbSmxFB25",Mon Aug 20 23:03:43 +0000 2018,42,-0.204,0.147,0.619,0.233
@Fox,"üëãüèªI‚Äôm selling a bit of Apple gear in excellent condition, Melbourne only. Retweets welcome. Reply or email if you‚Äôr‚Ä¶ https://t.co/Kift5NHw9e",Mon Aug 20 00:00:09 +0000 2018,43,0.7717,0.283,0.717,0.0
@Fox,"@j2h @benschwarz I get off twitter and this is what happens? what is this bromance, Josh??? should I feel threatened? üòÇ",Thu Aug 09 04:56:06 +0000 2018,44,-0.264,0.128,0.674,0.198
@Fox,"We all need a bit of good news in those disturbing times‚Äîhere‚Äôs where @goodgoodgood delivers. 

https://t.co/T5qhMKd4aY",Wed Aug 08 02:12:41 +0000 2018,45,-0.1027,0.151,0.677,0.172
@Fox,"I travel a bit and carefully choose where I stay, eat and go (uh, the designer struggle). I üòç @sabrina‚Äôs‚Ä¶ https://t.co/f43vmBg3DW",Wed Aug 08 02:10:53 +0000 2018,46,0.5423,0.2,0.8,0.0
@Fox,I‚Äôve recently subscribed to @jkglei‚Äôs newsletter and never looked back. Love the focus on thoughtful technology and‚Ä¶ https://t.co/m28bMmSEBV,Wed Aug 08 02:08:41 +0000 2018,47,-0.1945,0.118,0.728,0.153
@Fox,"If customer success, culture, growth and product are your jam, I couldn‚Äôt recommend @helpscout‚Äôs newsletters more.‚Ä¶ https://t.co/8ji9mKMLeX",Wed Aug 08 02:07:07 +0000 2018,48,0.8316,0.404,0.596,0.0
@Fox,"I have been enjoying @intercom newsletters for product, marketing and startup tips. The quality has always been ama‚Ä¶ https://t.co/fA9fw1KXIt",Wed Aug 08 01:59:38 +0000 2018,49,0.5267,0.167,0.833,0.0
@Fox,"The Daily Good from @thegoodtrade covers conscious, sustainable fashion, wellbeing, beauty, food, lifestyle and tra‚Ä¶ https://t.co/qmAOyGcm9i",Wed Aug 08 01:57:04 +0000 2018,50,0.7717,0.324,0.676,0.0
@Fox,Friday is one of my favourite days because of @girlsnightinHQ. A perfect encapsulation of self-care and womanhood.‚Ä¶ https://t.co/HhI1mGfXe8,Wed Aug 08 01:54:45 +0000 2018,51,0.5719,0.188,0.812,0.0
@Fox,"I love @offscreenmag Dispatch. Great productivity tools, services and design objects all wrapped up in a lovely des‚Ä¶ https://t.co/lR8tsWKGNw",Wed Aug 08 01:50:21 +0000 2018,52,0.9201,0.464,0.536,0.0
@Fox,Here are my favourite newsletters (it‚Äôs now the primary way I discover content as I‚Äôve mostly ditched reading social media). ‚Üì,Wed Aug 08 01:48:16 +0000 2018,53,0.0,0.0,1.0,0.0
@Fox,RT @6Gems: Black women are paid 38% less than white men. I support equal pay‚Äîbecause #38PercentCounts. https://t.co/mXFOdcL8Q3,Tue Aug 07 23:32:22 +0000 2018,54,0.4019,0.153,0.847,0.0
@Fox,"If you‚Äôre up for a conference-grade talk about UX and groundbreaking performance strategies, come to see‚Ä¶ https://t.co/x2sghiw62F",Tue Aug 07 23:32:15 +0000 2018,55,0.0,0.0,1.0,0.0
@Fox,"RT @Calibreapp: Scheduler 2.0

Our longest standing feature request was to improve Calibre‚Äôs test scheduler. That‚Äôs exactly what we‚Äôve done‚Ä¶",Tue Aug 07 23:28:56 +0000 2018,56,0.4404,0.132,0.868,0.0
@Fox,"RT @fox: Hey #dddperth, here are the slides with all the references from my keynote about building a welcoming, ethical Web! Transcript com‚Ä¶",Tue Aug 07 23:06:06 +0000 2018,57,0.7574,0.245,0.755,0.0
@Fox,"@LNRBLB thank you, Eleanor! üéâ",Sat Aug 04 03:47:44 +0000 2018,58,0.6696,0.579,0.421,0.0
@Fox,@cckate thank you! üíñ,Sat Aug 04 03:27:03 +0000 2018,59,0.6114,0.625,0.375,0.0
@Fox,"Hey #dddperth, here are the slides with all the references from my keynote about building a welcoming, ethical Web!‚Ä¶ https://t.co/hPilGINzyI",Sat Aug 04 03:12:25 +0000 2018,60,0.7574,0.276,0.724,0.0
@Fox,"@Chisa omg, this is so great! thank you, Teresa! üòç",Sat Aug 04 03:05:32 +0000 2018,61,0.9119,0.537,0.463,0.0
@Fox,RT @andreabedini: I am extremely grateful to @fox for showing me today how technology became anti-human while we weren‚Äôt paying attention.‚Ä¶,Sat Aug 04 03:04:39 +0000 2018,62,0.5095,0.148,0.852,0.0
@Fox,"@andreabedini thank you, Andrea! I‚Äôm glad you‚Äôve found it useful!",Sat Aug 04 03:04:32 +0000 2018,63,0.8395,0.562,0.438,0.0
@Fox,"@evandotly thank you, Evan! üå∏",Sat Aug 04 03:03:40 +0000 2018,64,0.4199,0.358,0.642,0.0
@Fox,RT @msandfor: #dddperth We must build ethical thinking into the way we build software https://t.co/F4QKYOVT1p,Sat Aug 04 03:03:16 +0000 2018,65,0.5106,0.191,0.809,0.0
@Fox,RT @MichelePlayfair: Thread ‚òùÔ∏è‚òùÔ∏è 8 principles of ethics in tech from @fox at #DDDPerth üëè,Sat Aug 04 03:03:07 +0000 2018,66,0.0,0.0,1.0,0.0
@Fox,@samwilson yes :),Sat Aug 04 03:02:36 +0000 2018,67,0.6908,0.851,0.149,0.0
@Fox,"RT @Amys_Kapers: Until anyone can survive and thrive on the web, no matter their background, gender, ethnicity, etc, the web isn't a welcom‚Ä¶",Sat Aug 04 03:01:15 +0000 2018,68,-0.2732,0.047,0.858,0.094
@Fox,RT @MichelePlayfair: . @fox dropping the keynote truth bombs at #dddperth https://t.co/RKAgOSozMB,Sat Aug 04 03:00:55 +0000 2018,69,0.3182,0.187,0.813,0.0
@Fox,"RT @Mandy_Kerr: ‚ÄúDisruption isn‚Äôt a getaway free card to bypass laws, freedoms, moral compass, civil rights and human protections‚Äù - @fox #‚Ä¶",Sat Aug 04 03:00:48 +0000 2018,70,0.6705,0.234,0.766,0.0
@Fox,RT @Chisa: TOO much good stuff from @Fox @dddperth #dddperth https://t.co/XVI1DHGQdd,Sat Aug 04 02:43:00 +0000 2018,71,0.4404,0.225,0.775,0.0
@Fox,RT @kylietimpani: I cannot applaud or amplify @fox‚Äôs message enough: the web is at a crisis point. Tech is unethical. Exclusionary. A platf‚Ä¶,Sat Aug 04 02:42:39 +0000 2018,72,-0.8714,0.0,0.632,0.368
@Fox,RT @Caiwrote: @fox laying down some truths #DDDPerth https://t.co/o2eJNcU5UQ,Sat Aug 04 02:42:17 +0000 2018,73,0.4215,0.259,0.741,0.0
@Fox,"RT @Mandy_Kerr: ‚ÄúTechnology should be a mindful, quiet companion to our lives‚Äù - @fox #DDDPerth https://t.co/vB6wBAdqvr",Sat Aug 04 02:41:59 +0000 2018,74,0.0,0.0,1.0,0.0
@Fox,"RT @LJKenward: Opening #DDDPerth is the incredible @fox with Towards a welcoming Web.

The Pitfalls of Technology:

Move fast and break thi‚Ä¶",Sat Aug 04 02:41:51 +0000 2018,75,0.4404,0.127,0.873,0.0
@Fox,I forgot that Twitter is the epicentre of harassment and anxiety-inducing content. Back to sharing via Buffer and n‚Ä¶ https://t.co/jiBOURbIKk,Fri Aug 03 08:49:38 +0000 2018,76,-0.1779,0.12,0.73,0.15
@Fox,"RT @evan_greer: Sarah Jeong is a badass &amp; reverse racism is not a thing
 Sarah Jeong is a badass &amp; reverse racism is not a thing
 Sarah Jeo‚Ä¶",Fri Aug 03 08:20:43 +0000 2018,77,-0.6597,0.145,0.606,0.248
@Fox,"It‚Äôs a privilege to be opening #dddperth tomorrow morning! Come and find out how to build an ethical, welcoming Web‚Ä¶ https://t.co/eC1xTFZ3YR",Fri Aug 03 07:24:56 +0000 2018,78,0.8398,0.346,0.654,0.0
@Fox,RT @verge: A note from the editors of The Verge https://t.co/B3wF4dNukg https://t.co/fhgvH9WlkC,Fri Aug 03 07:21:15 +0000 2018,79,0.0,0.0,1.0,0.0
@Fox,"What are your favourite newsletters covering the following subjects: tech, design, front-end, culture, design objects, travel, well-being?",Thu Aug 02 04:10:03 +0000 2018,80,0.0,0.0,1.0,0.0
@Fox,"@soxyface Thank you, it was lovely meeting you! üíê",Wed Aug 01 22:42:57 +0000 2018,81,0.7644,0.485,0.515,0.0
@Fox,"@sentience Thank you! I really enjoyed yours too! 

I‚Äôm doing a 45-min version at @DDDPerth this weekend that has m‚Ä¶ https://t.co/Drn3ODuLx2",Wed Aug 01 21:37:21 +0000 2018,82,0.7702,0.282,0.718,0.0
@Fox,@soxyface @MsJonesInSydney here are the slides with all the references. üôáüèª‚Äç‚ôÄÔ∏è I will publish a transcript next week! https://t.co/EcSUpoi0Rw,Wed Aug 01 06:18:32 +0000 2018,83,0.0,0.0,1.0,0.0
@Fox,@marcosc thank you! üôáüèª‚Äç‚ôÄÔ∏è,Wed Aug 01 06:16:28 +0000 2018,84,0.4199,0.285,0.715,0.0
@Fox,"RT @MsJonesInSydney: The theme at #Code18 #CodeLeaders is strong! @fox is currently highlighting algorithmic bias, tech ethics and exclusio‚Ä¶",Wed Aug 01 06:13:13 +0000 2018,85,0.4926,0.163,0.773,0.064
@Fox,"@DivZero_ indeed, it‚Äôs all challenging and often depressing, but if we don‚Äôt take action it won‚Äôt get any better. i‚Ä¶ https://t.co/lldW02OHPv",Wed Aug 01 06:12:58 +0000 2018,86,0.5187,0.206,0.721,0.072
@Fox,"So refreshing to hear @johnallsopp reminding about inclusion, diversity and sharing knowledge around these subjects‚Ä¶ https://t.co/Ink4d4W7m5",Wed Aug 01 02:35:19 +0000 2018,87,0.4215,0.157,0.843,0.0
@Fox,"Well, @msjonesinsydney definitely knows how to drop the mic on horrifying diversity and inclusion stats. 

A fantas‚Ä¶ https://t.co/GeLolnfgEm",Wed Aug 01 02:32:40 +0000 2018,88,-0.25,0.203,0.551,0.246
@Fox,@benschwarz nooo pressure whatsoever,Wed Aug 01 02:18:01 +0000 2018,89,-0.296,0.0,0.577,0.423
@Fox,That moment when a white guy says ‚Äùthere aren‚Äôt many women developers‚Äù and you cross eyes with any other woman in t‚Ä¶ https://t.co/033oMUbEl8,Wed Aug 01 02:03:31 +0000 2018,90,0.0,0.0,1.0,0.0
@Fox,@Mandy_Kerr the winds have been gracious,Wed Aug 01 01:53:15 +0000 2018,91,0.5574,0.419,0.581,0.0
@Fox,@soxyface thank you! I‚Äôm hydrating ‚õ≤Ô∏è,Tue Jul 31 23:27:35 +0000 2018,92,0.4199,0.358,0.642,0.0
@Fox,"I‚Äôll be speaking at @webdirections Code Leaders today at 3.30pm (if I don‚Äôt lose my voice in the meantime üòÇü§ß).

Com‚Ä¶ https://t.co/oh0yLrEE0F",Tue Jul 31 22:58:07 +0000 2018,93,-0.4019,0.0,0.881,0.119
@Fox,One of the reasons I‚Äôm so excited to be a part of @helpscout is the commitment to building an inclusive culture wit‚Ä¶ https://t.co/6H6GDJ1TON,Thu Jul 19 22:21:10 +0000 2018,94,0.6924,0.222,0.778,0.0
@Fox,More Boston snaps. https://t.co/NCcWPSV8yX,Wed Jul 11 21:30:06 +0000 2018,95,0.0,0.0,1.0,0.0
@Fox,"RT @helpscout: Said it once, we'll keep saying it: we are thrilled to add you to the team @fox! ü¶ä https://t.co/bKc6GSq6tR",Mon Jul 09 23:35:49 +0000 2018,96,0.4926,0.132,0.868,0.0
@Fox,"@mattopsahl lol, offensive",Mon Jul 09 20:12:02 +0000 2018,97,-0.0516,0.412,0.147,0.441
@Fox,"@tompedals yay, hello, hi! üëãüèª",Mon Jul 09 19:43:29 +0000 2018,98,0.784,0.496,0.504,0.0
@Fox,"@madalynrose thanks, Madalyn. üíñ",Mon Jul 09 19:43:13 +0000 2018,99,0.6249,0.63,0.37,0.0
@Fox,"@andymcmillan weee, thank you!!",Mon Jul 09 19:43:04 +0000 2018,100,0.4738,0.507,0.493,0.0
@nytimes,"Train stations, some remade and others crumbling, reflect the trajectories of their towns and cities. See what we f‚Ä¶ https://t.co/1SjefnRyYq",Sun Sep 30 09:41:43 +0000 2018,1,0.0,0.0,1.0,0.0
@nytimes,"‚ÄúBolivia starts producing wine where everybody else stops,"" said one Bolivian winemaker https://t.co/ibmK0JbEaN",Sun Sep 30 09:24:38 +0000 2018,2,0.0,0.0,1.0,0.0
@nytimes,"""Shock isn‚Äôt actually an emotion. It‚Äôs an amplification, or a performance, that masks the core reaction behind it ‚Äî‚Ä¶ https://t.co/k6KlzQ79Lf",Sun Sep 30 09:08:09 +0000 2018,3,-0.3818,0.0,0.874,0.126
@nytimes,"A year into the #MeToo movement, has the marketing machinery of the red carpet changed at all? (The early answer is‚Ä¶ https://t.co/C9WU39FAfZ",Sun Sep 30 08:50:48 +0000 2018,4,0.0,0.0,1.0,0.0
@nytimes,"Consuming caffeine regularly may increase the ability to withstand pain, a small study suggests https://t.co/30KdfHy6bW",Sun Sep 30 08:34:27 +0000 2018,5,0.0772,0.243,0.582,0.175
@nytimes,No expensive equipment or fancy ingredients necessary https://t.co/R6IM2ySjhY,Sun Sep 30 08:17:26 +0000 2018,6,-0.296,0.0,0.761,0.239
@nytimes,36 Hours in Montreal: This cosmopolitan city gives you the chance to tour streets filled with vibrant street art an‚Ä¶ https://t.co/alNBe3RN7B,Sun Sep 30 08:00:33 +0000 2018,7,0.6597,0.221,0.779,0.0
@nytimes,This artist's work challenges the idea that ceramics are necessarily delicate¬†https://t.co/BEbo9fDV7o,Sun Sep 30 07:44:25 +0000 2018,8,0.128,0.2,0.8,0.0
@nytimes,"""As Americans cram into ever-tighter urban living arrangements, a question has emerged: Isn‚Äôt there some better way‚Ä¶ https://t.co/cr6l1bfjAp",Sun Sep 30 07:26:56 +0000 2018,9,0.4404,0.153,0.847,0.0
@nytimes,Colleges kept beer out of football stadiums for years. Now some of them are working to sell booze to fans so they d‚Ä¶ https://t.co/vaFslNZ1r3,Sun Sep 30 07:09:29 +0000 2018,10,0.0,0.0,1.0,0.0
@nytimes,The NFL is trying to make football safer. So why are its players wearing less padding? https://t.co/OLO9K5f7cl,Sun Sep 30 06:53:20 +0000 2018,11,0.4215,0.149,0.851,0.0
@nytimes,You were never second best https://t.co/ATplcP59kS,Sun Sep 30 06:37:09 +0000 2018,12,-0.5216,0.0,0.598,0.402
@nytimes,letters: The Feminists and the Frat House https://t.co/4kORCydyIS,Sun Sep 30 06:19:44 +0000 2018,13,0.0,0.0,1.0,0.0
@nytimes,"Kurt Vile's music is personal ‚Äî the ‚ÄúI‚Äù in his songs, he says, is almost always himself ‚Äî but not revealing https://t.co/MfHpIvkOuQ",Sun Sep 30 06:15:30 +0000 2018,14,0.0,0.0,1.0,0.0
@nytimes,"""As my summer of pop-ups dragged on, I began to dread my evenings. What began as a kicky story idea became a masoch‚Ä¶ https://t.co/87M6VIqdgQ",Sun Sep 30 05:59:02 +0000 2018,15,-0.4939,0.0,0.819,0.181
@nytimes,Are we born to be physically lazy? Probably. https://t.co/H22vGWszgP,Sun Sep 30 05:42:23 +0000 2018,16,-0.3612,0.0,0.762,0.238
@nytimes,"In a real estate market tinged with uncertainty, renting feels like a safer bet to a number of people who could wel‚Ä¶ https://t.co/Tn26FyuilQ",Sun Sep 30 05:25:47 +0000 2018,17,0.4939,0.264,0.64,0.096
@nytimes,"10 of the most-asked wedding-etiquette questions, answered https://t.co/ptS2HwMJ4R",Sun Sep 30 05:08:42 +0000 2018,18,0.0,0.0,1.0,0.0
@nytimes,Toxic chemicals are lingering in the blubber of killer whales ‚Äî and they may end up wiping out half the world‚Äôs pop‚Ä¶ https://t.co/sFUb77o0Hb,Sun Sep 30 04:51:22 +0000 2018,19,-0.6486,0.0,0.83,0.17
@nytimes,"RT @NYTHealth: The E.P.A. on Tuesday put the head of its Office of Children's Health Protection on administrative leave, an unusual move af‚Ä¶",Sun Sep 30 04:33:54 +0000 2018,20,-0.0516,0.0,0.948,0.052
@nytimes,"Train stations, some remade and others crumbling, reflect the trajectories of their towns and cities. See what we f‚Ä¶ https://t.co/1SjefnRyYq",Sun Sep 30 09:41:43 +0000 2018,21,0.0,0.0,1.0,0.0
@nytimes,"‚ÄúBolivia starts producing wine where everybody else stops,"" said one Bolivian winemaker https://t.co/ibmK0JbEaN",Sun Sep 30 09:24:38 +0000 2018,22,0.0,0.0,1.0,0.0
@nytimes,"""Shock isn‚Äôt actually an emotion. It‚Äôs an amplification, or a performance, that masks the core reaction behind it ‚Äî‚Ä¶ https://t.co/k6KlzQ79Lf",Sun Sep 30 09:08:09 +0000 2018,23,-0.3818,0.0,0.874,0.126
@nytimes,"A year into the #MeToo movement, has the marketing machinery of the red carpet changed at all? (The early answer is‚Ä¶ https://t.co/C9WU39FAfZ",Sun Sep 30 08:50:48 +0000 2018,24,0.0,0.0,1.0,0.0
@nytimes,"Consuming caffeine regularly may increase the ability to withstand pain, a small study suggests https://t.co/30KdfHy6bW",Sun Sep 30 08:34:27 +0000 2018,25,0.0772,0.243,0.582,0.175
@nytimes,No expensive equipment or fancy ingredients necessary https://t.co/R6IM2ySjhY,Sun Sep 30 08:17:26 +0000 2018,26,-0.296,0.0,0.761,0.239
@nytimes,36 Hours in Montreal: This cosmopolitan city gives you the chance to tour streets filled with vibrant street art an‚Ä¶ https://t.co/alNBe3RN7B,Sun Sep 30 08:00:33 +0000 2018,27,0.6597,0.221,0.779,0.0
@nytimes,This artist's work challenges the idea that ceramics are necessarily delicate¬†https://t.co/BEbo9fDV7o,Sun Sep 30 07:44:25 +0000 2018,28,0.128,0.2,0.8,0.0
@nytimes,"""As Americans cram into ever-tighter urban living arrangements, a question has emerged: Isn‚Äôt there some better way‚Ä¶ https://t.co/cr6l1bfjAp",Sun Sep 30 07:26:56 +0000 2018,29,0.4404,0.153,0.847,0.0
@nytimes,Colleges kept beer out of football stadiums for years. Now some of them are working to sell booze to fans so they d‚Ä¶ https://t.co/vaFslNZ1r3,Sun Sep 30 07:09:29 +0000 2018,30,0.0,0.0,1.0,0.0
@nytimes,The NFL is trying to make football safer. So why are its players wearing less padding? https://t.co/OLO9K5f7cl,Sun Sep 30 06:53:20 +0000 2018,31,0.4215,0.149,0.851,0.0
@nytimes,You were never second best https://t.co/ATplcP59kS,Sun Sep 30 06:37:09 +0000 2018,32,-0.5216,0.0,0.598,0.402
@nytimes,letters: The Feminists and the Frat House https://t.co/4kORCydyIS,Sun Sep 30 06:19:44 +0000 2018,33,0.0,0.0,1.0,0.0
@nytimes,"Kurt Vile's music is personal ‚Äî the ‚ÄúI‚Äù in his songs, he says, is almost always himself ‚Äî but not revealing https://t.co/MfHpIvkOuQ",Sun Sep 30 06:15:30 +0000 2018,34,0.0,0.0,1.0,0.0
@nytimes,"""As my summer of pop-ups dragged on, I began to dread my evenings. What began as a kicky story idea became a masoch‚Ä¶ https://t.co/87M6VIqdgQ",Sun Sep 30 05:59:02 +0000 2018,35,-0.4939,0.0,0.819,0.181
@nytimes,Are we born to be physically lazy? Probably. https://t.co/H22vGWszgP,Sun Sep 30 05:42:23 +0000 2018,36,-0.3612,0.0,0.762,0.238
@nytimes,"In a real estate market tinged with uncertainty, renting feels like a safer bet to a number of people who could wel‚Ä¶ https://t.co/Tn26FyuilQ",Sun Sep 30 05:25:47 +0000 2018,37,0.4939,0.264,0.64,0.096
@nytimes,"10 of the most-asked wedding-etiquette questions, answered https://t.co/ptS2HwMJ4R",Sun Sep 30 05:08:42 +0000 2018,38,0.0,0.0,1.0,0.0
@nytimes,Toxic chemicals are lingering in the blubber of killer whales ‚Äî and they may end up wiping out half the world‚Äôs pop‚Ä¶ https://t.co/sFUb77o0Hb,Sun Sep 30 04:51:22 +0000 2018,39,-0.6486,0.0,0.83,0.17
@nytimes,"RT @NYTHealth: The E.P.A. on Tuesday put the head of its Office of Children's Health Protection on administrative leave, an unusual move af‚Ä¶",Sun Sep 30 04:33:54 +0000 2018,40,-0.0516,0.0,0.948,0.052
@nytimes,"The wild, ragged days of Governors Island are over, and development is coming https://t.co/5RYCRYzODg",Sun Sep 30 04:17:52 +0000 2018,41,0.0,0.0,1.0,0.0
@nytimes,"""Mind-blowing"" 3-D maps of ancient Maya structures revealed beneath the canopy of the Guatemalan jungle by laser te‚Ä¶ https://t.co/OyasGWqwJF",Sun Sep 30 04:00:19 +0000 2018,42,0.0,0.0,1.0,0.0
@nytimes,Robin Williams was an avid collector of art and memorabilia. A portion of his collection is coming up for sale. https://t.co/WC6pUczBla,Sun Sep 30 03:41:12 +0000 2018,43,0.296,0.104,0.896,0.0
@nytimes,"On Baseball: For David Wright, the Mets‚Äô No. 5, a Sweet End to a Painful Journey https://t.co/w378Zv2XdY",Sun Sep 30 03:23:16 +0000 2018,44,-0.2732,0.149,0.597,0.254
@nytimes,"""When you are a new mother, there are two things you will be asked about constantly, your baby and your boobs ‚Äî spe‚Ä¶ https://t.co/jrygJNih1p",Sun Sep 30 03:17:15 +0000 2018,45,0.0,0.0,1.0,0.0
@nytimes,"Review: ""Black '47"" is a film about revenge, but studded with harrowing historical details about the Irish famine. https://t.co/rQB3NR1nQS",Sun Sep 30 02:59:40 +0000 2018,46,-0.296,0.0,0.885,0.115
@nytimes,Iranian Official Says Oil Deal With Europeans Is Close Despite Threat of U.S. Sanctions https://t.co/ufK1Eqo9vS,Sun Sep 30 02:42:38 +0000 2018,47,0.4168,0.165,0.835,0.0
@nytimes,"RT @nytpolitics: With his fury and righteous indignation, Judge Kavanaugh becomes an avatar for Americans who saw Trump's election as vindi‚Ä¶",Sun Sep 30 02:26:32 +0000 2018,48,-0.7964,0.0,0.728,0.272
@nytimes,"Whether you‚Äôre after a night in with your special someone or your sweatpants, this is your pasta https://t.co/ObQaJspGsr",Sun Sep 30 02:08:44 +0000 2018,49,0.4019,0.144,0.856,0.0
@nytimes,Having all the right cholesterol numbers and staying active is no guarantee your heart is in great shape https://t.co/w4a83p177s,Sun Sep 30 01:52:41 +0000 2018,50,0.765,0.338,0.577,0.085
@nytimes,RT @nytimesmusic: Pill testing has also become more common over the past few years at festivals in the United States https://t.co/iMINACZEKm,Sun Sep 30 01:35:03 +0000 2018,51,0.6486,0.218,0.782,0.0
@nytimes,"Panic in Central Park: Noise at Global Citizen Festival Was Fallen Barrier, Not Gunshots https://t.co/RWqLi2fLMC",Sun Sep 30 01:25:08 +0000 2018,52,-0.4767,0.149,0.512,0.34
@nytimes,"""I feel like it was a message being sent: 'Don‚Äôt be like Tara or you will end up like Tara,'"" one woman said of the‚Ä¶ https://t.co/X6ADa3Jsjq",Sun Sep 30 01:19:38 +0000 2018,53,0.7579,0.254,0.746,0.0
@nytimes,"U.S. Weighed Penalizing El Salvador Over Support for China, Then Backed Off https://t.co/TkBOYa8uPO",Sun Sep 30 01:03:22 +0000 2018,54,0.4215,0.257,0.743,0.0
@nytimes,"Christine Blasey Ford's composed, but wrenching, testimony was ""a stark reminder of the gender dynamics, and mental‚Ä¶ https://t.co/JcSJ1sduYP",Sun Sep 30 01:02:39 +0000 2018,55,0.3919,0.135,0.865,0.0
@nytimes,Here are 3 things an FBI investigation into Christine Blasey Ford's allegations against Kavanaugh could clear up. https://t.co/kzlrRZksSG,Sun Sep 30 00:45:18 +0000 2018,56,0.3818,0.14,0.86,0.0
@nytimes,"Japan‚Äôs Mothers Go Back to Work, but Find the Opportunities Lacking https://t.co/N6tX0JO4vJ",Sun Sep 30 00:26:54 +0000 2018,57,0.5267,0.236,0.764,0.0
@nytimes,"On Crowded London Streets, Councils Fight a Flood of Phone Boxes https://t.co/NYg9Yxk2Vz",Sun Sep 30 00:23:20 +0000 2018,58,-0.3818,0.0,0.794,0.206
@nytimes,"In the Connecticut wilderness, a Portuguese hotel designer has created an unexpected respite that retains the magic‚Ä¶ https://t.co/7O77L21MyG",Sun Sep 30 00:21:31 +0000 2018,59,0.25,0.111,0.889,0.0
@nytimes,Warren Says She Will Take ‚ÄòA Hard Look‚Äô at Running for President in 2020 https://t.co/L34wqV5e2M,Sun Sep 30 00:05:00 +0000 2018,60,-0.1027,0.0,0.909,0.091
@nytimes,Senator Elizabeth Warren says she would ‚Äútake a hard look‚Äù at running for president in 2020 and called on the natio‚Ä¶ https://t.co/OTvefIubRm,Sat Sep 29 23:54:36 +0000 2018,61,-0.1027,0.0,0.935,0.065
@nytimes,Roast a chicken and you know you have a comfortable meal https://t.co/fCEZkKuow9,Sat Sep 29 23:40:06 +0000 2018,62,0.5106,0.268,0.732,0.0
@nytimes,"Yankees 8, Red Sox 5: Yankees Send One Over the Fence and Into the Record Book https://t.co/Nw6IAy9L6h",Sat Sep 29 23:22:24 +0000 2018,63,0.0,0.0,1.0,0.0
@nytimes,"With all of its emotion and anger, the fight over Brett Kavanaugh‚Äôs nomination shows the power ‚Äî and limitations ‚Äî‚Ä¶ https://t.co/noh4jNNSNi",Sat Sep 29 23:15:07 +0000 2018,64,-0.743,0.0,0.741,0.259
@nytimes,Why I Love Reality Television https://t.co/AGqWcEkMpq,Sat Sep 29 23:11:23 +0000 2018,65,0.6369,0.512,0.488,0.0
@nytimes,"The ancient roads, pyramids and houses revealed by laser mapping are forcing researchers to reevaluate what they th‚Ä¶ https://t.co/baWBR8vmel",Sat Sep 29 23:00:05 +0000 2018,66,0.0,0.0,1.0,0.0
@nytimes,"In KFC‚Äôs China Ads, Nuggets Are Served With Patriotism https://t.co/6NkG3Ummnl",Sat Sep 29 22:59:43 +0000 2018,67,0.0,0.0,1.0,0.0
@nytimes,RT @nytopinion: The battle between the competing moralisms behind the Kavanaugh hearings risks becoming an all-out war between the sexes ‚Äî‚Ä¶,Sat Sep 29 22:52:39 +0000 2018,68,-0.8225,0.0,0.677,0.323
@nytimes,"RT @nytimesworld: ‚ÄúWithout any trust in the United States, there will be no confidence in our national security, and under such circumstanc‚Ä¶",Sat Sep 29 22:40:08 +0000 2018,69,0.8625,0.381,0.548,0.071
@nytimes,"The single best use of boneless, skinless chicken breasts? Make chicken francese, an Italian-American staple with l‚Ä¶ https://t.co/RlGsumk7mI",Sat Sep 29 22:26:18 +0000 2018,70,0.6369,0.198,0.802,0.0
@nytimes,"As others fled amid a 7.5 magnitude earthquake, the last act of an air traffic controller in Palu, Indonesia was to‚Ä¶ https://t.co/krLnJkGH9P",Sat Sep 29 22:10:07 +0000 2018,71,0.0,0.0,1.0,0.0
@nytimes,Breaking News: Elon Musk will step down as Tesla's chairman for 3 years and pay a $20 million fine in an S.E.C. set‚Ä¶ https://t.co/BqwBhxl4xT,Sat Sep 29 21:58:37 +0000 2018,72,0.1027,0.078,0.862,0.06
@nytimes,RT @NYTScience: Their dad went to the moon and back. He wanted to know if they mowed the lawn. https://t.co/CFi9Hyye3a,Sat Sep 29 21:44:42 +0000 2018,73,0.0,0.0,1.0,0.0
@nytimes,"Train stations, some remade and others crumbling, reflect the trajectories of their towns and cities. See what we f‚Ä¶ https://t.co/icEIVfkdLi",Sat Sep 29 21:30:12 +0000 2018,74,0.0,0.0,1.0,0.0
@nytimes,"In Opinion

Op-Ed contributor Rebecca Traister writes, ""This political moment has provoked a period in which more a‚Ä¶ https://t.co/2bLeiEnY5c",Sat Sep 29 21:15:06 +0000 2018,75,-0.2732,0.0,0.89,0.11
@nytimes,The clock has begun ticking on the one-week FBI investigation into sexual misconduct allegations made against Brett‚Ä¶ https://t.co/2iTIWCs99o,Sat Sep 29 21:00:09 +0000 2018,76,0.0,0.0,1.0,0.0
@nytimes,A 2016 law in France penalized paying for sex instead of selling it. But some prostitutes say that law puts them in‚Ä¶ https://t.co/Cr8QXhubCD,Sat Sep 29 20:45:01 +0000 2018,77,0.0,0.0,1.0,0.0
@nytimes,"After 45 years, more than 1,000 fights and some of the most lucrative and controversial matches of all time, HBO is‚Ä¶ https://t.co/4mMsRAGgP2",Sat Sep 29 20:31:08 +0000 2018,78,-0.6159,0.0,0.799,0.201
@nytimes,"""Rarely has the reputation of a leader fallen so far, so fast."" Aung San Suu Kyi: Nobel laureate, democracy icon an‚Ä¶ https://t.co/mZsqBBfYGG",Sat Sep 29 20:15:06 +0000 2018,79,-0.3612,0.0,0.889,0.111
@nytimes,Golf Digest and college students helped free a man wrongly convicted of murder. Here's the week in good news. https://t.co/yzDgXavDaQ,Sat Sep 29 20:02:02 +0000 2018,80,0.128,0.23,0.595,0.175
@nytimes,"A Sloan Kettering executive will give up his $1.4 million stake in a biotech start-up, as the hospital re-examines‚Ä¶ https://t.co/0yV9ZY68y7",Sat Sep 29 20:00:03 +0000 2018,81,0.0,0.0,1.0,0.0
@nytimes,Text messages that were supposed to warn Indonesians of a possible tsunami were foiled when cellphone towers were d‚Ä¶ https://t.co/A3nTUxRGuF,Sat Sep 29 19:45:07 +0000 2018,82,-0.1027,0.0,0.928,0.072
@nytimes,"He was always smiling, always laughing and running, like the average 4-year-old,‚Äù a neighbor said. ‚ÄúThat‚Äôs why this‚Ä¶ https://t.co/cZNILgbREW",Sat Sep 29 19:30:05 +0000 2018,83,0.8271,0.367,0.633,0.0
@nytimes,"In Opinion
Op-Ed contributor Sarah Hepola writes, ""I cannot know whether Judge Kavanaugh experienced a blackout. Bu‚Ä¶ https://t.co/WYAFRRh0Mq",Sat Sep 29 19:17:11 +0000 2018,84,0.0,0.0,1.0,0.0
@nytimes,"Did you stay up to date this week? Find out with this week's news quiz.
https://t.co/RrFhnBzf7H",Sat Sep 29 19:00:14 +0000 2018,85,0.0,0.0,1.0,0.0
@nytimes,"The booming housing market is slowing down. Years of breakneck price increases have outpaced wages, and buyers have‚Ä¶ https://t.co/L4av1FXzA9",Sat Sep 29 18:55:04 +0000 2018,86,0.0,0.0,1.0,0.0
@nytimes,"With their indignant eruptions in the Senate, Brett Kavanaugh and Lindsey Graham took a page from President Trump's‚Ä¶ https://t.co/Y6GaKJHoMP",Sat Sep 29 18:40:01 +0000 2018,87,-0.4215,0.0,0.859,0.141
@nytimes,RT @nytimesbusiness: The White House Council of Economic Advisers calculates that increasingly generous paid leave benefits mean that the a‚Ä¶,Sat Sep 29 18:25:05 +0000 2018,88,0.6908,0.245,0.705,0.05
@nytimes,"Organizers have announced a date for the 2019 Women's March, which will be held in Washington with sister demonstra‚Ä¶ https://t.co/6b1sZxT5RE",Sat Sep 29 18:10:05 +0000 2018,89,0.0,0.0,1.0,0.0
@nytimes,The invisible recession: A major economic event in 2016 escaped much public notice. But its impact was huge. https://t.co/HkKRiSBiOw,Sat Sep 29 17:55:03 +0000 2018,90,0.2617,0.141,0.767,0.091
@nytimes,"Our 52 Places Traveler visits the Italian Dolomites and finds mountains like a ""crowd of pious giants frozen in sto‚Ä¶ https://t.co/w9KvaH0hgw",Sat Sep 29 17:43:26 +0000 2018,91,0.3612,0.116,0.884,0.0
@nytimes,Sign up to get the Race/Related newsletter by email https://t.co/j1V640Odl3,Sat Sep 29 17:25:56 +0000 2018,92,0.0,0.0,1.0,0.0
@nytimes,"""Black women‚Äôs feminist contributions are very often erased,"" the novelist Tayari Jones observed. But their influen‚Ä¶ https://t.co/CG1Gty3FJw",Sat Sep 29 17:25:09 +0000 2018,93,0.0,0.0,1.0,0.0
@nytimes,"At this very moment, The Upshot and Siena College pollsters are making phone calls across America. You call follow‚Ä¶ https://t.co/FEh7w3EIsH",Sat Sep 29 17:11:05 +0000 2018,94,0.0,0.0,1.0,0.0
@nytimes,"Christine Blasey Ford's composed, but wrenching, testimony was ""a stark reminder of the gender dynamics, and mental‚Ä¶ https://t.co/QRAo9fYkb6",Sat Sep 29 16:55:01 +0000 2018,95,0.3919,0.135,0.865,0.0
@nytimes,A sleepless night and pressure from all sides: Inside the 24 hours that led Senator Jeff Flake to call to investiga‚Ä¶ https://t.co/cnfYEQkQcE,Sat Sep 29 16:40:07 +0000 2018,96,-0.296,0.0,0.901,0.099
@nytimes,"RT @nytopinion: I never felt compelled to share my story before, because it is so common, because so many women have been through worse. Bu‚Ä¶",Sat Sep 29 16:20:03 +0000 2018,97,-0.2612,0.08,0.765,0.155
@nytimes,"Marty Balin, the founder, lead singer and songwriter for Jefferson Airplane and key member of Jefferson Starship, d‚Ä¶ https://t.co/Soyr6U4eID",Sat Sep 29 16:05:08 +0000 2018,98,0.0,0.0,1.0,0.0
@nytimes,"Brett Kavanaugh‚Äôs testimony raised questions about his neutrality and temperament, threatening the already fragile‚Ä¶ https://t.co/pyz4RGBCmF",Sat Sep 29 15:55:06 +0000 2018,99,-0.5267,0.0,0.805,0.195
@nytimes,"""I feel like it was a message being sent: 'Don‚Äôt be like Tara or you will end up like Tara,'"" one woman said of the‚Ä¶ https://t.co/ZO6fAkjXHT",Sat Sep 29 15:40:05 +0000 2018,100,0.7579,0.254,0.746,0.0
